Level,Date and Time,Source,Event ID,Task Category,Message
Information,2026-05-01 00:10:00,Service Control Manager,7000,None,The update operation completed.
Warning,2026-05-01 00:26:00,Microsoft-Windows-WindowsUpdateClient,31,None,A service took longer than expected to respond.
Warning,2026-05-01 00:47:00,Winlogon,6006,None,A service took longer than expected to respond.
Information,2026-05-01 00:51:00,Microsoft-Windows-WindowsUpdateClient,19,None,The update operation completed.
Information,2026-05-01 01:02:00,Microsoft-Windows-DistributedCOM,10016,None,A Windows service changed state.
Information,2026-05-01 01:19:00,Microsoft-Windows-DistributedCOM,10016,None,The operation completed successfully.
Warning,2026-05-01 01:21:00,Microsoft-Windows-Kernel-Power,41,None,A device reported a recoverable condition.
Information,2026-05-01 01:28:00,Microsoft-Windows-DistributedCOM,10016,None,The update operation completed.
Information,2026-05-01 01:49:00,Microsoft-Windows-Kernel-Power,41,None,A Windows service changed state.
Warning,2026-05-01 02:33:00,Microsoft-Windows-Kernel-Power,109,None,A service took longer than expected to respond.
Warning,2026-05-01 02:38:00,Microsoft-Windows-DistributedCOM,10010,None,The application-specific permission settings do not grant Local Activation permission.
Information,2026-05-01 02:47:00,Microsoft-Windows-DistributedCOM,10010,None,The update operation completed.
Warning,2026-05-01 03:28:00,Microsoft-Windows-DistributedCOM,10010,None,A device reported a recoverable condition.
Warning,2026-05-01 04:14:00,Service Control Manager,7000,None,A device reported a recoverable condition.
Information,2026-05-01 04:26:00,Microsoft-Windows-DistributedCOM,10016,None,A Windows service changed state.
Warning,2026-05-01 04:39:00,Microsoft-Windows-WindowsUpdateClient,43,None,A service took longer than expected to respond.
Information,2026-05-01 04:58:00,Microsoft-Windows-DistributedCOM,10010,None,The operation completed successfully.
Information,2026-05-01 05:09:00,Microsoft-Windows-DistributedCOM,10010,None,A user session was started.
Warning,2026-05-01 05:41:00,Microsoft-Windows-DistributedCOM,10016,None,A service took longer than expected to respond.
Error,2026-05-01 06:54:00,Microsoft-Windows-DistributedCOM,10016,None,An application stopped responding.
Information,2026-05-01 06:57:00,Microsoft-Windows-WindowsUpdateClient,31,None,The operation completed successfully.
Warning,2026-05-01 07:01:00,Microsoft-Windows-DistributedCOM,10010,None,A device reported a recoverable condition.
Information,2026-05-01 07:18:00,Service Control Manager,7031,None,The update operation completed.
Information,2026-05-01 07:26:00,Microsoft-Windows-DistributedCOM,10010,None,The update operation completed.
Information,2026-05-01 07:37:00,Microsoft-Windows-Kernel-Power,41,None,The operation completed successfully.
Information,2026-05-01 08:10:00,Service Control Manager,7031,None,A user session was started.
Information,2026-05-01 09:10:00,Microsoft-Windows-DistributedCOM,10010,None,A user session was started.
Error,2026-05-01 10:25:00,Microsoft-Windows-DistributedCOM,10010,None,An application stopped responding.
Information,2026-05-01 10:29:00,Microsoft-Windows-Security-Auditing,4624,None,A user session was started.
Information,2026-05-01 11:50:00,Microsoft-Windows-DistributedCOM,10010,None,A user session was started.
Warning,2026-05-01 11:53:00,Microsoft-Windows-DistributedCOM,10016,None,A service took longer than expected to respond.
Information,2026-05-01 12:14:00,Microsoft-Windows-Kernel-Power,41,None,A Windows service changed state.
Information,2026-05-01 13:02:00,Application Error,1000,None,The operation completed successfully.
Warning,2026-05-01 13:27:00,Service Control Manager,7031,None,A device reported a recoverable condition.
Information,2026-05-01 14:56:00,Service Control Manager,7040,None,The operation completed successfully.
Information,2026-05-01 14:58:00,Microsoft-Windows-DistributedCOM,10016,None,The update operation completed.
Warning,2026-05-01 15:02:00,Microsoft-Windows-WindowsUpdateClient,19,None,The application-specific permission settings do not grant Local Activation permission.
Warning,2026-05-01 15:09:00,Microsoft-Windows-DistributedCOM,10010,None,A device reported a recoverable condition.
Information,2026-05-01 15:22:00,Microsoft-Windows-Security-Auditing,4624,None,A Windows service changed state.
Error,2026-05-01 15:56:00,Microsoft-Windows-DistributedCOM,10010,None,A service terminated unexpectedly.
Warning,2026-05-01 15:58:00,Microsoft-Windows-DistributedCOM,10016,None,A service took longer than expected to respond.
Information,2026-05-01 16:01:00,Microsoft-Windows-DistributedCOM,10010,None,A Windows service changed state.
Information,2026-05-01 18:44:00,Microsoft-Windows-Security-Auditing,4624,None,A user session was started.
Warning,2026-05-01 18:57:00,Service Control Manager,7001,None,A service took longer than expected to respond.
Information,2026-05-01 18:58:00,Application Error,1000,None,A user session was started.
Warning,2026-05-01 19:50:00,Microsoft-Windows-WindowsUpdateClient,20,None,The application-specific permission settings do not grant Local Activation permission.
Information,2026-05-01 20:55:00,Winlogon,6005,None,A Windows service changed state.
Warning,2026-05-01 21:15:00,Microsoft-Windows-DistributedCOM,10010,None,A device reported a recoverable condition.
Information,2026-05-01 21:36:00,Microsoft-Windows-DistributedCOM,10010,None,The update operation completed.
Information,2026-05-01 22:14:00,Service Control Manager,7001,None,The update operation completed.
Warning,2026-05-01 22:57:00,Service Control Manager,7040,None,A device reported a recoverable condition.
Information,2026-05-01 23:21:00,Microsoft-Windows-DistributedCOM,10010,None,The operation completed successfully.
Information,2026-05-02 00:17:00,Application Error,1000,None,A Windows service changed state.
Information,2026-05-02 00:42:00,Microsoft-Windows-DistributedCOM,10016,None,The operation completed successfully.
Warning,2026-05-02 01:23:00,Microsoft-Windows-WindowsUpdateClient,43,None,A device reported a recoverable condition.
Information,2026-05-02 02:02:00,Microsoft-Windows-WindowsUpdateClient,20,None,The operation completed successfully.
Information,2026-05-02 02:05:00,Microsoft-Windows-WindowsUpdateClient,20,None,The update operation completed.
Information,2026-05-02 02:13:00,Microsoft-Windows-DistributedCOM,10016,None,The operation completed successfully.
Error,2026-05-02 04:58:00,Microsoft-Windows-DriverFrameworks-UserMode,10110,None,An application stopped responding.
Information,2026-05-02 05:09:00,Microsoft-Windows-DistributedCOM,10016,None,A user session was started.
Information,2026-05-02 05:38:00,Service Control Manager,7031,None,The operation completed successfully.
Information,2026-05-02 05:58:00,Microsoft-Windows-WindowsUpdateClient,43,None,The update operation completed.
Information,2026-05-02 06:22:00,Service Control Manager,7001,None,The operation completed successfully.
Warning,2026-05-02 07:02:00,Microsoft-Windows-DistributedCOM,10010,None,The application-specific permission settings do not grant Local Activation permission.
Warning,2026-05-02 07:31:00,Microsoft-Windows-WindowsUpdateClient,31,None,A device reported a recoverable condition.
Information,2026-05-02 07:57:00,Microsoft-Windows-DistributedCOM,10010,None,The update operation completed.
Information,2026-05-02 08:43:00,Microsoft-Windows-WindowsUpdateClient,31,None,A Windows service changed state.
Information,2026-05-02 08:57:00,Application Error,1000,None,The update operation completed.
Information,2026-05-02 09:28:00,Microsoft-Windows-WindowsUpdateClient,19,None,A user session was started.
Information,2026-05-02 09:36:00,Microsoft-Windows-WindowsUpdateClient,31,None,The operation completed successfully.
Information,2026-05-02 09:39:00,Microsoft-Windows-DistributedCOM,10016,None,A Windows service changed state.
Warning,2026-05-02 09:47:00,Microsoft-Windows-WindowsUpdateClient,43,None,A service took longer than expected to respond.
Error,2026-05-02 09:50:00,Microsoft-Windows-WindowsUpdateClient,20,None,A service terminated unexpectedly.
Warning,2026-05-02 10:10:00,Service Control Manager,7001,None,A service took longer than expected to respond.
Warning,2026-05-02 10:28:00,Application Error,1001,None,The application-specific permission settings do not grant Local Activation permission.
Information,2026-05-02 10:31:00,Microsoft-Windows-DistributedCOM,10016,None,A user session was started.
Information,2026-05-02 10:56:00,Microsoft-Windows-DistributedCOM,10016,None,A Windows service changed state.
Warning,2026-05-02 11:00:00,Microsoft-Windows-WindowsUpdateClient,31,None,The application-specific permission settings do not grant Local Activation permission.
Warning,2026-05-02 11:07:00,Microsoft-Windows-DriverFrameworks-UserMode,10110,None,The application-specific permission settings do not grant Local Activation permission.
Information,2026-05-02 11:18:00,Microsoft-Windows-Security-Auditing,4624,None,A user session was started.
Critical,2026-05-02 12:01:00,Microsoft-Windows-DistributedCOM,10010,None,A critical system component stopped unexpectedly.
Warning,2026-05-02 12:17:00,Winlogon,6006,None,A device reported a recoverable condition.
Information,2026-05-02 12:53:00,Microsoft-Windows-WindowsUpdateClient,31,None,The update operation completed.
Information,2026-05-02 13:17:00,Microsoft-Windows-Security-Auditing,4634,None,A Windows service changed state.
Information,2026-05-02 17:26:00,Microsoft-Windows-Security-Auditing,4634,None,The operation completed successfully.
Information,2026-05-02 17:48:00,Microsoft-Windows-DriverFrameworks-UserMode,10111,None,The update operation completed.
Warning,2026-05-02 18:37:00,Service Control Manager,7031,None,The application-specific permission settings do not grant Local Activation permission.
Information,2026-05-02 19:05:00,Microsoft-Windows-DistributedCOM,10010,None,A Windows service changed state.
Information,2026-05-02 20:46:00,Microsoft-Windows-DistributedCOM,10010,None,The operation completed successfully.
Information,2026-05-02 20:53:00,Microsoft-Windows-WindowsUpdateClient,19,None,A user session was started.
Error,2026-05-02 21:18:00,Microsoft-Windows-DistributedCOM,10010,None,An application stopped responding.
Information,2026-05-02 21:24:00,Microsoft-Windows-DistributedCOM,10010,None,The update operation completed.
Warning,2026-05-02 21:26:00,Microsoft-Windows-Kernel-Power,109,None,A device reported a recoverable condition.
Information,2026-05-02 21:56:00,Microsoft-Windows-DistributedCOM,10016,None,A user session was started.
Warning,2026-05-02 22:24:00,Microsoft-Windows-WindowsUpdateClient,43,None,The application-specific permission settings do not grant Local Activation permission.
Information,2026-05-02 23:17:00,Microsoft-Windows-DistributedCOM,10016,None,A user session was started.
Information,2026-05-03 00:42:00,Microsoft-Windows-WindowsUpdateClient,31,None,A Windows service changed state.
Information,2026-05-03 01:16:00,Service Control Manager,7040,None,The update operation completed.
Warning,2026-05-03 01:31:00,Service Control Manager,7031,None,A service took longer than expected to respond.
Warning,2026-05-03 01:53:00,Service Control Manager,7031,None,The application-specific permission settings do not grant Local Activation permission.
Information,2026-05-03 02:29:00,Microsoft-Windows-DistributedCOM,10016,None,The operation completed successfully.
Information,2026-05-03 02:50:00,Microsoft-Windows-DistributedCOM,10010,None,The update operation completed.
Information,2026-05-03 03:22:00,Microsoft-Windows-Security-Auditing,4624,None,The operation completed successfully.
Information,2026-05-03 03:30:00,Microsoft-Windows-DistributedCOM,10010,None,The update operation completed.
Warning,2026-05-03 04:00:00,Service Control Manager,7001,None,A device reported a recoverable condition.
Information,2026-05-03 04:33:00,Microsoft-Windows-Security-Auditing,4634,None,The update operation completed.
Information,2026-05-03 04:42:00,Microsoft-Windows-WindowsUpdateClient,19,None,The operation completed successfully.
Information,2026-05-03 04:50:00,Microsoft-Windows-DistributedCOM,10010,None,A user session was started.
Error,2026-05-03 06:02:00,Microsoft-Windows-DistributedCOM,10010,None,An update could not be installed.
Information,2026-05-03 06:14:00,Service Control Manager,7001,None,The update operation completed.
Information,2026-05-03 06:59:00,Microsoft-Windows-DistributedCOM,10016,None,A Windows service changed state.
Error,2026-05-03 07:18:00,Service Control Manager,7040,None,An update could not be installed.
Information,2026-05-03 07:29:00,Microsoft-Windows-DriverFrameworks-UserMode,10111,None,The update operation completed.
Information,2026-05-03 07:46:00,Microsoft-Windows-DriverFrameworks-UserMode,10111,None,A Windows service changed state.
Information,2026-05-03 07:52:00,Service Control Manager,7040,None,A user session was started.
Information,2026-05-03 09:10:00,Microsoft-Windows-DistributedCOM,10010,None,A Windows service changed state.
Information,2026-05-03 09:15:00,Microsoft-Windows-DistributedCOM,10010,None,The operation completed successfully.
Information,2026-05-03 09:18:00,Application Error,1000,None,The operation completed successfully.
Error,2026-05-03 10:17:00,Winlogon,6005,None,A user logon attempt failed.
Information,2026-05-03 10:17:00,Microsoft-Windows-Security-Auditing,4624,None,The operation completed successfully.
Information,2026-05-03 10:46:00,Microsoft-Windows-Security-Auditing,4634,None,The operation completed successfully.
Information,2026-05-03 10:57:00,Microsoft-Windows-Security-Auditing,4624,None,A Windows service changed state.
Information,2026-05-03 10:59:00,Microsoft-Windows-Security-Auditing,4624,None,A user session was started.
Warning,2026-05-03 11:15:00,Microsoft-Windows-WindowsUpdateClient,43,None,A device reported a recoverable condition.
Information,2026-05-03 11:22:00,Microsoft-Windows-Security-Auditing,4624,None,A user session was started.
Error,2026-05-03 12:11:00,Microsoft-Windows-DistributedCOM,10010,None,An update could not be installed.
Warning,2026-05-03 12:14:00,Microsoft-Windows-DistributedCOM,10016,None,A device reported a recoverable condition.
Warning,2026-05-03 12:20:00,Microsoft-Windows-DistributedCOM,10010,None,A device reported a recoverable condition.
Information,2026-05-03 12:26:00,Microsoft-Windows-DistributedCOM,10010,None,A user session was started.
Error,2026-05-03 12:36:00,Service Control Manager,7000,None,An update could not be installed.
Information,2026-05-03 12:40:00,Microsoft-Windows-DistributedCOM,10016,None,A Windows service changed state.
Information,2026-05-03 13:07:00,Service Control Manager,7000,None,A Windows service changed state.
Information,2026-05-03 13:12:00,Service Control Manager,7001,None,A Windows service changed state.
Information,2026-05-03 13:20:00,Application Error,1000,None,The operation completed successfully.
Warning,2026-05-03 13:35:00,Winlogon,6006,None,The application-specific permission settings do not grant Local Activation permission.
Information,2026-05-03 14:53:00,Microsoft-Windows-WindowsUpdateClient,20,None,A user session was started.
Error,2026-05-03 14:57:00,Service Control Manager,7000,None,A user logon attempt failed.
Warning,2026-05-03 15:01:00,Microsoft-Windows-WindowsUpdateClient,19,None,The application-specific permission settings do not grant Local Activation permission.
Information,2026-05-03 15:09:00,Microsoft-Windows-DistributedCOM,10016,None,A user session was started.
Information,2026-05-03 15:15:00,Microsoft-Windows-DistributedCOM,10010,None,The update operation completed.
Information,2026-05-03 16:02:00,Service Control Manager,7000,None,The update operation completed.
Information,2026-05-03 16:03:00,Microsoft-Windows-DistributedCOM,10010,None,The operation completed successfully.
Warning,2026-05-03 16:19:00,Microsoft-Windows-DistributedCOM,10010,None,A device reported a recoverable condition.
Information,2026-05-03 16:47:00,Microsoft-Windows-Security-Auditing,4624,None,The operation completed successfully.
Information,2026-05-03 18:23:00,Microsoft-Windows-DistributedCOM,10010,None,The update operation completed.
Information,2026-05-03 18:58:00,Microsoft-Windows-Kernel-Power,41,None,A user session was started.
Warning,2026-05-03 19:00:00,Microsoft-Windows-DistributedCOM,10016,None,The application-specific permission settings do not grant Local Activation permission.
Information,2026-05-03 19:24:00,Service Control Manager,7031,None,A user session was started.
Warning,2026-05-03 20:09:00,Service Control Manager,7000,None,A service took longer than expected to respond.
Error,2026-05-03 20:28:00,Microsoft-Windows-DistributedCOM,10016,None,A service terminated unexpectedly.
Information,2026-05-03 20:40:00,Microsoft-Windows-DistributedCOM,10010,None,A user session was started.
Information,2026-05-03 21:48:00,Microsoft-Windows-DistributedCOM,10016,None,The operation completed successfully.
Warning,2026-05-03 23:00:00,Microsoft-Windows-WindowsUpdateClient,20,None,The application-specific permission settings do not grant Local Activation permission.
Information,2026-05-03 23:53:00,Microsoft-Windows-WindowsUpdateClient,43,None,The update operation completed.
Warning,2026-05-04 00:06:00,Microsoft-Windows-DistributedCOM,10010,None,A service took longer than expected to respond.
Information,2026-05-04 00:19:00,Microsoft-Windows-DistributedCOM,10010,None,The update operation completed.
Error,2026-05-04 00:21:00,Microsoft-Windows-WindowsUpdateClient,19,None,An update could not be installed.
Warning,2026-05-04 02:50:00,Microsoft-Windows-DistributedCOM,10016,None,A device reported a recoverable condition.
Critical,2026-05-04 03:15:00,Service Control Manager,7000,None,The system rebooted without cleanly shutting down first.
Critical,2026-05-04 03:35:00,Microsoft-Windows-DistributedCOM,10010,None,The system rebooted without cleanly shutting down first.
Information,2026-05-04 03:41:00,Microsoft-Windows-DistributedCOM,10010,None,The operation completed successfully.
Warning,2026-05-04 04:01:00,Microsoft-Windows-Kernel-Power,41,None,The application-specific permission settings do not grant Local Activation permission.
Information,2026-05-04 04:07:00,Microsoft-Windows-DistributedCOM,10016,None,A user session was started.
Information,2026-05-04 04:23:00,Microsoft-Windows-WindowsUpdateClient,31,None,The update operation completed.
Warning,2026-05-04 04:50:00,Microsoft-Windows-DistributedCOM,10010,None,The application-specific permission settings do not grant Local Activation permission.
Information,2026-05-04 05:02:00,Service Control Manager,7031,None,The update operation completed.
Information,2026-05-04 05:05:00,Microsoft-Windows-WindowsUpdateClient,43,None,The update operation completed.
Information,2026-05-04 05:11:00,Winlogon,6006,None,The update operation completed.
Warning,2026-05-04 05:28:00,Service Control Manager,7040,None,The application-specific permission settings do not grant Local Activation permission.
Information,2026-05-04 06:24:00,Microsoft-Windows-Security-Auditing,4624,None,A Windows service changed state.
Information,2026-05-04 06:46:00,Microsoft-Windows-Security-Auditing,4624,None,A user session was started.
Information,2026-05-04 07:20:00,Service Control Manager,7040,None,A Windows service changed state.
Warning,2026-05-04 07:27:00,Microsoft-Windows-DistributedCOM,10016,None,The application-specific permission settings do not grant Local Activation permission.
Information,2026-05-04 07:43:00,Winlogon,6006,None,The update operation completed.
Error,2026-05-04 08:14:00,Microsoft-Windows-DistributedCOM,10010,None,A service terminated unexpectedly.
Information,2026-05-04 08:18:00,Microsoft-Windows-DistributedCOM,10016,None,A Windows service changed state.
Information,2026-05-04 08:22:00,Service Control Manager,7001,None,A user session was started.
Information,2026-05-04 09:03:00,Microsoft-Windows-DistributedCOM,10016,None,A user session was started.
Information,2026-05-04 09:28:00,Microsoft-Windows-DistributedCOM,10016,None,The operation completed successfully.
Information,2026-05-04 09:53:00,Microsoft-Windows-WindowsUpdateClient,43,None,The operation completed successfully.
Information,2026-05-04 10:54:00,Microsoft-Windows-Security-Auditing,4634,None,A Windows service changed state.
Information,2026-05-04 11:13:00,Microsoft-Windows-DistributedCOM,10010,None,A Windows service changed state.
Information,2026-05-04 13:12:00,Microsoft-Windows-Security-Auditing,4634,None,A user session was started.
Information,2026-05-04 13:50:00,Microsoft-Windows-Security-Auditing,4624,None,A user session was started.
Information,2026-05-04 13:51:00,Microsoft-Windows-DistributedCOM,10016,None,A user session was started.
Warning,2026-05-04 14:37:00,Microsoft-Windows-DistributedCOM,10016,None,The application-specific permission settings do not grant Local Activation permission.
Information,2026-05-04 15:19:00,Microsoft-Windows-WindowsUpdateClient,20,None,The operation completed successfully.
Warning,2026-05-04 15:52:00,Microsoft-Windows-Kernel-Power,109,None,A device reported a recoverable condition.
Information,2026-05-04 16:21:00,Service Control Manager,7031,None,The operation completed successfully.
Information,2026-05-04 16:29:00,Microsoft-Windows-Security-Auditing,4624,None,A user session was started.
Error,2026-05-04 17:00:00,Microsoft-Windows-DistributedCOM,10016,None,An application stopped responding.
Information,2026-05-04 17:15:00,Microsoft-Windows-WindowsUpdateClient,19,None,The update operation completed.
Information,2026-05-04 17:24:00,Microsoft-Windows-WindowsUpdateClient,43,None,A Windows service changed state.
Information,2026-05-04 18:20:00,Service Control Manager,7040,None,The operation completed successfully.
Warning,2026-05-04 18:38:00,Microsoft-Windows-WindowsUpdateClient,43,None,A device reported a recoverable condition.
Information,2026-05-04 18:49:00,Service Control Manager,7031,None,The update operation completed.
Information,2026-05-04 19:47:00,Microsoft-Windows-DistributedCOM,10016,None,The operation completed successfully.
Information,2026-05-04 19:59:00,Microsoft-Windows-WindowsUpdateClient,31,None,A user session was started.
Error,2026-05-04 20:19:00,Service Control Manager,7031,None,An application stopped responding.
Warning,2026-05-04 21:02:00,Microsoft-Windows-Kernel-Power,109,None,A device reported a recoverable condition.
Warning,2026-05-04 21:16:00,Application Error,1000,None,A device reported a recoverable condition.
Information,2026-05-04 21:33:00,Winlogon,6006,None,The operation completed successfully.
Warning,2026-05-04 22:35:00,Microsoft-Windows-WindowsUpdateClient,20,None,A service took longer than expected to respond.
Information,2026-05-04 22:44:00,Application Error,1001,None,A user session was started.
Information,2026-05-04 23:07:00,Service Control Manager,7001,None,The update operation completed.
Information,2026-05-04 23:11:00,Microsoft-Windows-DistributedCOM,10010,None,The operation completed successfully.
Warning,2026-05-04 23:43:00,Microsoft-Windows-Kernel-Power,41,None,A service took longer than expected to respond.
Error,2026-05-05 00:12:00,Microsoft-Windows-Kernel-Power,109,None,A user logon attempt failed.
Information,2026-05-05 00:16:00,Microsoft-Windows-DistributedCOM,10010,None,A user session was started.
Error,2026-05-05 00:34:00,Microsoft-Windows-Kernel-Power,109,None,An update could not be installed.
Information,2026-05-05 01:41:00,Winlogon,6005,None,A Windows service changed state.
Warning,2026-05-05 01:57:00,Service Control Manager,7000,None,A service took longer than expected to respond.
Information,2026-05-05 02:37:00,Microsoft-Windows-WindowsUpdateClient,20,None,The update operation completed.
Error,2026-05-05 02:44:00,Microsoft-Windows-DriverFrameworks-UserMode,10110,None,A user logon attempt failed.
Error,2026-05-05 02:57:00,Microsoft-Windows-DistributedCOM,10016,None,A user logon attempt failed.
Information,2026-05-05 03:13:00,Microsoft-Windows-WindowsUpdateClient,20,None,A Windows service changed state.
Information,2026-05-05 03:18:00,Microsoft-Windows-WindowsUpdateClient,43,None,A user session was started.
Information,2026-05-05 03:21:00,Microsoft-Windows-DriverFrameworks-UserMode,10111,None,The operation completed successfully.
Error,2026-05-05 04:04:00,Application Error,1001,None,A user logon attempt failed.
Information,2026-05-05 04:23:00,Microsoft-Windows-Security-Auditing,4634,None,A user session was started.
Information,2026-05-05 04:24:00,Microsoft-Windows-DistributedCOM,10016,None,A Windows service changed state.
Critical,2026-05-05 05:01:00,Microsoft-Windows-WindowsUpdateClient,31,None,A critical system component stopped unexpectedly.
Information,2026-05-05 05:30:00,Service Control Manager,7000,None,A user session was started.
Warning,2026-05-05 05:34:00,Microsoft-Windows-DistributedCOM,10016,None,The application-specific permission settings do not grant Local Activation permission.
Information,2026-05-05 06:19:00,Microsoft-Windows-Security-Auditing,4624,None,The operation completed successfully.
Information,2026-05-05 08:00:00,Microsoft-Windows-DistributedCOM,10016,None,The operation completed successfully.
Information,2026-05-05 08:14:00,Service Control Manager,7001,None,A Windows service changed state.
Information,2026-05-05 08:18:00,Microsoft-Windows-DistributedCOM,10010,None,A Windows service changed state.
Information,2026-05-05 08:53:00,Microsoft-Windows-Security-Auditing,4624,None,A Windows service changed state.
Warning,2026-05-05 09:20:00,Microsoft-Windows-WindowsUpdateClient,20,None,The application-specific permission settings do not grant Local Activation permission.
Information,2026-05-05 10:49:00,Microsoft-Windows-Security-Auditing,4624,None,A user session was started.
Information,2026-05-05 11:02:00,Microsoft-Windows-DistributedCOM,10016,None,The update operation completed.
Warning,2026-05-05 11:07:00,Microsoft-Windows-DistributedCOM,10010,None,A device reported a recoverable condition.
Information,2026-05-05 11:24:00,Microsoft-Windows-Security-Auditing,4624,None,The operation completed successfully.
Information,2026-05-05 12:23:00,Microsoft-Windows-WindowsUpdateClient,43,None,The operation completed successfully.
Warning,2026-05-05 12:27:00,Winlogon,6006,None,The application-specific permission settings do not grant Local Activation permission.
Information,2026-05-05 13:33:00,Microsoft-Windows-Security-Auditing,4634,None,A user session was started.
Information,2026-05-05 13:55:00,Microsoft-Windows-DistributedCOM,10010,None,A Windows service changed state.
Warning,2026-05-05 14:49:00,Service Control Manager,7000,None,A service took longer than expected to respond.
Information,2026-05-05 15:27:00,Microsoft-Windows-WindowsUpdateClient,31,None,A Windows service changed state.
Information,2026-05-05 16:53:00,Microsoft-Windows-DistributedCOM,10010,None,The update operation completed.
Information,2026-05-05 17:11:00,Microsoft-Windows-DistributedCOM,10016,None,A user session was started.
Error,2026-05-05 17:28:00,Service Control Manager,7031,None,A service terminated unexpectedly.
Information,2026-05-05 18:31:00,Microsoft-Windows-DistributedCOM,10010,None,The operation completed successfully.
Error,2026-05-05 20:01:00,Microsoft-Windows-DistributedCOM,10010,None,A user logon attempt failed.
Information,2026-05-05 20:15:00,Microsoft-Windows-DistributedCOM,10016,None,The update operation completed.
Warning,2026-05-06 00:49:00,Microsoft-Windows-DriverFrameworks-UserMode,10110,None,A device reported a recoverable condition.
Information,2026-05-06 01:28:00,Service Control Manager,7031,None,The update operation completed.
Information,2026-05-06 02:29:00,Winlogon,6006,None,A user session was started.
Information,2026-05-06 02:47:00,Service Control Manager,7040,None,A Windows service changed state.
Warning,2026-05-06 04:35:00,Microsoft-Windows-DistributedCOM,10016,None,A service took longer than expected to respond.
Information,2026-05-06 05:34:00,Microsoft-Windows-DistributedCOM,10010,None,A user session was started.
Error,2026-05-06 05:43:00,Application Error,1000,None,An application stopped responding.
Warning,2026-05-06 06:23:00,Microsoft-Windows-DistributedCOM,10010,None,A device reported a recoverable condition.
Information,2026-05-06 06:31:00,Service Control Manager,7001,None,The operation completed successfully.
Information,2026-05-06 07:06:00,Microsoft-Windows-Security-Auditing,4624,None,A Windows service changed state.
Error,2026-05-06 07:23:00,Microsoft-Windows-DistributedCOM,10010,None,A service terminated unexpectedly.
Warning,2026-05-06 08:54:00,Microsoft-Windows-DistributedCOM,10010,None,A service took longer than expected to respond.
Information,2026-05-06 10:26:00,Microsoft-Windows-DistributedCOM,10010,None,The update operation completed.
Information,2026-05-06 10:52:00,Microsoft-Windows-Security-Auditing,4624,None,The update operation completed.
Information,2026-05-06 10:55:00,Microsoft-Windows-DriverFrameworks-UserMode,10111,None,A Windows service changed state.
Information,2026-05-06 10:57:00,Service Control Manager,7000,None,The operation completed successfully.
Information,2026-05-06 11:07:00,Service Control Manager,7031,None,A user session was started.
Information,2026-05-06 11:33:00,Microsoft-Windows-Security-Auditing,4634,None,A Windows service changed state.
Warning,2026-05-06 13:02:00,Service Control Manager,7000,None,A service took longer than expected to respond.
Information,2026-05-06 13:31:00,Microsoft-Windows-DriverFrameworks-UserMode,10111,None,A Windows service changed state.
Information,2026-05-06 13:37:00,Microsoft-Windows-Kernel-Power,41,None,A Windows service changed state.
Information,2026-05-06 14:29:00,Microsoft-Windows-DistributedCOM,10016,None,A user session was started.
Error,2026-05-06 16:02:00,Winlogon,6006,None,A service terminated unexpectedly.
Information,2026-05-06 16:12:00,Service Control Manager,7001,None,A Windows service changed state.
Error,2026-05-06 16:23:00,Microsoft-Windows-DistributedCOM,10010,None,A service terminated unexpectedly.
Warning,2026-05-06 16:38:00,Microsoft-Windows-WindowsUpdateClient,43,None,A service took longer than expected to respond.
Warning,2026-05-06 17:09:00,Microsoft-Windows-DistributedCOM,10010,None,A device reported a recoverable condition.
Information,2026-05-06 17:42:00,Application Error,1001,None,A user session was started.
Information,2026-05-06 18:11:00,Winlogon,6006,None,A Windows service changed state.
Warning,2026-05-06 19:32:00,Microsoft-Windows-DriverFrameworks-UserMode,10110,None,A device reported a recoverable condition.
Information,2026-05-06 20:23:00,Service Control Manager,7000,None,The operation completed successfully.
Information,2026-05-06 20:27:00,Microsoft-Windows-Kernel-Power,109,None,A user session was started.
Information,2026-05-06 20:32:00,Microsoft-Windows-Security-Auditing,4634,None,The operation completed successfully.
Information,2026-05-06 22:16:00,Microsoft-Windows-DistributedCOM,10016,None,The update operation completed.
Information,2026-05-06 22:21:00,Microsoft-Windows-DistributedCOM,10010,None,The operation completed successfully.
Information,2026-05-06 22:34:00,Microsoft-Windows-DistributedCOM,10016,None,A user session was started.
Information,2026-05-06 22:56:00,Microsoft-Windows-DistributedCOM,10010,None,The update operation completed.
Information,2026-05-06 23:13:00,Service Control Manager,7001,None,A user session was started.
Information,2026-05-06 23:37:00,Microsoft-Windows-Security-Auditing,4634,None,The update operation completed.
Warning,2026-05-07 00:10:00,Microsoft-Windows-DistributedCOM,10016,None,A device reported a recoverable condition.
Information,2026-05-07 00:30:00,Service Control Manager,7000,None,The update operation completed.
Information,2026-05-07 00:43:00,Service Control Manager,7040,None,The update operation completed.
Information,2026-05-07 00:49:00,Application Error,1000,None,The operation completed successfully.
Information,2026-05-07 01:14:00,Microsoft-Windows-DistributedCOM,10016,None,The operation completed successfully.
Information,2026-05-07 01:43:00,Application Error,1000,None,The operation completed successfully.
Information,2026-05-07 01:58:00,Microsoft-Windows-WindowsUpdateClient,31,None,The operation completed successfully.
Warning,2026-05-07 02:20:00,Microsoft-Windows-DriverFrameworks-UserMode,10110,None,A service took longer than expected to respond.
Warning,2026-05-07 02:30:00,Service Control Manager,7001,None,The application-specific permission settings do not grant Local Activation permission.
Information,2026-05-07 02:35:00,Service Control Manager,7031,None,A Windows service changed state.
Error,2026-05-07 02:42:00,Microsoft-Windows-Kernel-Power,109,None,An application stopped responding.
Information,2026-05-07 04:16:00,Microsoft-Windows-Security-Auditing,4624,None,The operation completed successfully.
Information,2026-05-07 05:11:00,Microsoft-Windows-DistributedCOM,10010,None,The update operation completed.
Information,2026-05-07 06:08:00,Service Control Manager,7040,None,A user session was started.
Information,2026-05-07 06:42:00,Microsoft-Windows-DistributedCOM,10016,None,A Windows service changed state.
Warning,2026-05-07 07:44:00,Service Control Manager,7031,None,The application-specific permission settings do not grant Local Activation permission.
Information,2026-05-07 08:13:00,Service Control Manager,7040,None,A user session was started.
Information,2026-05-07 08:45:00,Service Control Manager,7040,None,The operation completed successfully.
Information,2026-05-07 09:51:00,Service Control Manager,7001,None,A user session was started.
Information,2026-05-07 10:00:00,Service Control Manager,7031,None,A Windows service changed state.
Error,2026-05-07 10:30:00,Microsoft-Windows-DriverFrameworks-UserMode,10111,None,A user logon attempt failed.
Warning,2026-05-07 10:59:00,Microsoft-Windows-WindowsUpdateClient,31,None,A service took longer than expected to respond.
Warning,2026-05-07 11:50:00,Microsoft-Windows-DistributedCOM,10016,None,A device reported a recoverable condition.
Warning,2026-05-07 11:59:00,Microsoft-Windows-WindowsUpdateClient,20,None,The application-specific permission settings do not grant Local Activation permission.
Information,2026-05-07 12:17:00,Service Control Manager,7031,None,The operation completed successfully.
Information,2026-05-07 12:37:00,Microsoft-Windows-DistributedCOM,10016,None,The update operation completed.
Information,2026-05-07 12:37:00,Microsoft-Windows-DistributedCOM,10010,None,The update operation completed.
Warning,2026-05-07 13:15:00,Microsoft-Windows-DistributedCOM,10010,None,A device reported a recoverable condition.
Information,2026-05-07 13:57:00,Microsoft-Windows-DistributedCOM,10016,None,A Windows service changed state.
Warning,2026-05-07 13:59:00,Microsoft-Windows-DistributedCOM,10010,None,A device reported a recoverable condition.
Information,2026-05-07 14:34:00,Microsoft-Windows-DistributedCOM,10010,None,A user session was started.
Information,2026-05-07 14:44:00,Microsoft-Windows-Security-Auditing,4624,None,The update operation completed.
Information,2026-05-07 16:20:00,Microsoft-Windows-Security-Auditing,4624,None,A Windows service changed state.
Information,2026-05-07 17:28:00,Microsoft-Windows-DistributedCOM,10016,None,A Windows service changed state.
Information,2026-05-07 18:11:00,Service Control Manager,7000,None,The update operation completed.
Warning,2026-05-07 18:15:00,Application Error,1001,None,A service took longer than expected to respond.
Information,2026-05-07 18:28:00,Microsoft-Windows-Security-Auditing,4624,None,The operation completed successfully.
Information,2026-05-07 18:59:00,Application Error,1001,None,A Windows service changed state.
Information,2026-05-07 19:55:00,Application Error,1000,None,The operation completed successfully.
Warning,2026-05-07 20:14:00,Application Error,1000,None,A device reported a recoverable condition.
Warning,2026-05-07 20:46:00,Microsoft-Windows-DistributedCOM,10016,None,The application-specific permission settings do not grant Local Activation permission.
Information,2026-05-07 21:37:00,Microsoft-Windows-DriverFrameworks-UserMode,10110,None,A Windows service changed state.
Information,2026-05-07 23:20:00,Microsoft-Windows-WindowsUpdateClient,31,None,The update operation completed.
Information,2026-05-07 23:30:00,Microsoft-Windows-DistributedCOM,10016,None,A Windows service changed state.
Warning,2026-05-07 23:37:00,Microsoft-Windows-Security-Auditing,4625,None,The application-specific permission settings do not grant Local Activation permission.
Information,2026-05-07 23:44:00,Application Error,1001,None,A user session was started.
Information,2026-05-07 23:49:00,Microsoft-Windows-WindowsUpdateClient,31,None,The update operation completed.
Warning,2026-05-08 00:13:00,Microsoft-Windows-Security-Auditing,4625,None,The application-specific permission settings do not grant Local Activation permission.
Information,2026-05-08 00:17:00,Microsoft-Windows-DistributedCOM,10010,None,A Windows service changed state.
Error,2026-05-08 00:18:00,Winlogon,6006,None,A service terminated unexpectedly.
Information,2026-05-08 00:24:00,Winlogon,6006,None,A Windows service changed state.
Information,2026-05-08 00:27:00,Service Control Manager,7031,None,A user session was started.
Warning,2026-05-08 00:36:00,Microsoft-Windows-DistributedCOM,10010,None,A service took longer than expected to respond.
Error,2026-05-08 01:03:00,Service Control Manager,7040,None,An application stopped responding.
Information,2026-05-08 02:38:00,Service Control Manager,7000,None,A user session was started.
Warning,2026-05-08 02:47:00,Microsoft-Windows-WindowsUpdateClient,31,None,The application-specific permission settings do not grant Local Activation permission.
Warning,2026-05-08 02:55:00,Microsoft-Windows-WindowsUpdateClient,31,None,A service took longer than expected to respond.
Information,2026-05-08 02:57:00,Microsoft-Windows-DistributedCOM,10016,None,A user session was started.
Information,2026-05-08 03:03:00,Microsoft-Windows-DistributedCOM,10016,None,The update operation completed.
Information,2026-05-08 03:12:00,Microsoft-Windows-DistributedCOM,10016,None,The operation completed successfully.
Error,2026-05-08 03:40:00,Winlogon,6005,None,A user logon attempt failed.
Information,2026-05-08 03:49:00,Microsoft-Windows-DistributedCOM,10010,None,A Windows service changed state.
Warning,2026-05-08 04:04:00,Microsoft-Windows-Kernel-Power,109,None,A device reported a recoverable condition.
Information,2026-05-08 04:10:00,Service Control Manager,7031,None,A user session was started.
Warning,2026-05-08 04:15:00,Microsoft-Windows-DistributedCOM,10010,None,A service took longer than expected to respond.
Information,2026-05-08 04:27:00,Microsoft-Windows-DistributedCOM,10010,None,A Windows service changed state.
Warning,2026-05-08 04:41:00,Microsoft-Windows-DistributedCOM,10016,None,The application-specific permission settings do not grant Local Activation permission.
Information,2026-05-08 05:26:00,Microsoft-Windows-Kernel-Power,109,None,The operation completed successfully.
Warning,2026-05-08 05:36:00,Microsoft-Windows-WindowsUpdateClient,20,None,The application-specific permission settings do not grant Local Activation permission.
Warning,2026-05-08 05:37:00,Microsoft-Windows-DistributedCOM,10010,None,A device reported a recoverable condition.
Information,2026-05-08 07:27:00,Microsoft-Windows-Security-Auditing,4634,None,A Windows service changed state.
Information,2026-05-08 08:28:00,Application Error,1001,None,The update operation completed.
Information,2026-05-08 08:31:00,Application Error,1001,None,A Windows service changed state.
Information,2026-05-08 08:40:00,Microsoft-Windows-Security-Auditing,4624,None,A user session was started.
Information,2026-05-08 09:35:00,Microsoft-Windows-DistributedCOM,10010,None,The operation completed successfully.
Warning,2026-05-08 10:13:00,Service Control Manager,7000,None,The application-specific permission settings do not grant Local Activation permission.
Information,2026-05-08 10:23:00,Microsoft-Windows-WindowsUpdateClient,19,None,A Windows service changed state.
Information,2026-05-08 10:56:00,Microsoft-Windows-WindowsUpdateClient,19,None,The update operation completed.
Warning,2026-05-08 11:24:00,Microsoft-Windows-WindowsUpdateClient,31,None,A device reported a recoverable condition.
Information,2026-05-08 11:40:00,Microsoft-Windows-DistributedCOM,10010,None,A user session was started.
Information,2026-05-08 11:49:00,Microsoft-Windows-DistributedCOM,10010,None,The operation completed successfully.
Critical,2026-05-08 11:59:00,Microsoft-Windows-WindowsUpdateClient,19,None,The system rebooted without cleanly shutting down first.
Information,2026-05-08 12:04:00,Microsoft-Windows-DistributedCOM,10016,None,A Windows service changed state.
Warning,2026-05-08 12:24:00,Service Control Manager,7001,None,A device reported a recoverable condition.
Warning,2026-05-08 12:26:00,Microsoft-Windows-DistributedCOM,10010,None,The application-specific permission settings do not grant Local Activation permission.
Information,2026-05-08 12:31:00,Microsoft-Windows-DistributedCOM,10010,None,The operation completed successfully.
Information,2026-05-08 12:58:00,Microsoft-Windows-Security-Auditing,4624,None,A user session was started.
Information,2026-05-08 13:03:00,Microsoft-Windows-DistributedCOM,10016,None,The update operation completed.
Information,2026-05-08 15:40:00,Microsoft-Windows-WindowsUpdateClient,31,None,A user session was started.
Warning,2026-05-08 17:08:00,Microsoft-Windows-DistributedCOM,10016,None,A device reported a recoverable condition.
Error,2026-05-08 17:32:00,Microsoft-Windows-DistributedCOM,10016,None,An update could not be installed.
Information,2026-05-08 18:13:00,Service Control Manager,7031,None,A Windows service changed state.
Warning,2026-05-08 18:21:00,Service Control Manager,7000,None,The application-specific permission settings do not grant Local Activation permission.
Warning,2026-05-08 18:36:00,Service Control Manager,7000,None,A service took longer than expected to respond.
Information,2026-05-08 19:27:00,Microsoft-Windows-DistributedCOM,10010,None,The operation completed successfully.
Information,2026-05-08 19:41:00,Service Control Manager,7040,None,The operation completed successfully.
Error,2026-05-08 20:00:00,Application Error,1001,None,A user logon attempt failed.
Error,2026-05-08 20:31:00,Microsoft-Windows-DistributedCOM,10016,None,A service terminated unexpectedly.
Information,2026-05-08 21:09:00,Service Control Manager,7031,None,A Windows service changed state.
Warning,2026-05-08 21:11:00,Microsoft-Windows-DistributedCOM,10010,None,A device reported a recoverable condition.
Information,2026-05-08 21:18:00,Service Control Manager,7031,None,The update operation completed.
Warning,2026-05-08 21:56:00,Microsoft-Windows-DriverFrameworks-UserMode,10111,None,A service took longer than expected to respond.
Information,2026-05-08 22:35:00,Microsoft-Windows-DistributedCOM,10010,None,The update operation completed.
Information,2026-05-08 22:51:00,Microsoft-Windows-Security-Auditing,4624,None,The operation completed successfully.
Warning,2026-05-08 23:08:00,Service Control Manager,7000,None,The application-specific permission settings do not grant Local Activation permission.
Warning,2026-05-08 23:20:00,Microsoft-Windows-DistributedCOM,10010,None,The application-specific permission settings do not grant Local Activation permission.
Critical,2026-05-08 23:32:00,Microsoft-Windows-Kernel-Power,109,None,The system rebooted without cleanly shutting down first.
Warning,2026-05-09 00:02:00,Microsoft-Windows-DistributedCOM,10016,None,A service took longer than expected to respond.
Information,2026-05-09 00:16:00,Microsoft-Windows-DriverFrameworks-UserMode,10110,None,The operation completed successfully.
Error,2026-05-09 00:39:00,Service Control Manager,7001,None,A service terminated unexpectedly.
Information,2026-05-09 01:16:00,Service Control Manager,7001,None,A user session was started.
Information,2026-05-09 03:12:00,Microsoft-Windows-Security-Auditing,4624,None,A Windows service changed state.
Information,2026-05-09 03:20:00,Microsoft-Windows-DistributedCOM,10010,None,The update operation completed.
Information,2026-05-09 03:27:00,Microsoft-Windows-DistributedCOM,10016,None,A user session was started.
Warning,2026-05-09 05:54:00,Microsoft-Windows-WindowsUpdateClient,20,None,The application-specific permission settings do not grant Local Activation permission.
Information,2026-05-09 05:55:00,Microsoft-Windows-Security-Auditing,4634,None,A Windows service changed state.
Critical,2026-05-09 06:11:00,Microsoft-Windows-DistributedCOM,10016,None,The system rebooted without cleanly shutting down first.
Warning,2026-05-09 06:19:00,Service Control Manager,7031,None,The application-specific permission settings do not grant Local Activation permission.
Information,2026-05-09 07:25:00,Service Control Manager,7031,None,The operation completed successfully.
Error,2026-05-09 07:59:00,Microsoft-Windows-DistributedCOM,10016,None,An application stopped responding.
Warning,2026-05-09 08:09:00,Service Control Manager,7040,None,A service took longer than expected to respond.
Warning,2026-05-09 08:23:00,Microsoft-Windows-DistributedCOM,10010,None,The application-specific permission settings do not grant Local Activation permission.
Information,2026-05-09 09:33:00,Microsoft-Windows-DistributedCOM,10010,None,The operation completed successfully.
Information,2026-05-09 09:40:00,Microsoft-Windows-Kernel-Power,109,None,A user session was started.
Information,2026-05-09 10:39:00,Microsoft-Windows-Kernel-Power,41,None,A user session was started.
Information,2026-05-09 11:02:00,Application Error,1001,None,A Windows service changed state.
Information,2026-05-09 11:40:00,Microsoft-Windows-DistributedCOM,10016,None,A Windows service changed state.
Information,2026-05-09 13:04:00,Microsoft-Windows-WindowsUpdateClient,19,None,The update operation completed.
Information,2026-05-09 13:06:00,Microsoft-Windows-DistributedCOM,10010,None,The update operation completed.
Information,2026-05-09 13:21:00,Microsoft-Windows-DistributedCOM,10016,None,A user session was started.
Information,2026-05-09 13:23:00,Microsoft-Windows-DistributedCOM,10016,None,The update operation completed.
Information,2026-05-09 13:31:00,Microsoft-Windows-DistributedCOM,10010,None,The update operation completed.
Information,2026-05-09 13:36:00,Microsoft-Windows-DistributedCOM,10016,None,The operation completed successfully.
Warning,2026-05-09 14:02:00,Winlogon,6005,None,The application-specific permission settings do not grant Local Activation permission.
Error,2026-05-09 14:10:00,Microsoft-Windows-DriverFrameworks-UserMode,10111,None,An application stopped responding.
Information,2026-05-09 14:18:00,Microsoft-Windows-Security-Auditing,4634,None,A user session was started.
Information,2026-05-09 14:46:00,Microsoft-Windows-WindowsUpdateClient,19,None,The operation completed successfully.
Information,2026-05-09 15:36:00,Microsoft-Windows-Security-Auditing,4634,None,A user session was started.
Information,2026-05-09 16:27:00,Microsoft-Windows-DistributedCOM,10016,None,A user session was started.
Information,2026-05-09 17:19:00,Application Error,1001,None,A Windows service changed state.
Information,2026-05-09 17:22:00,Service Control Manager,7031,None,A Windows service changed state.
Information,2026-05-09 17:33:00,Microsoft-Windows-DistributedCOM,10010,None,A Windows service changed state.
Warning,2026-05-09 18:04:00,Microsoft-Windows-WindowsUpdateClient,19,None,A service took longer than expected to respond.
Information,2026-05-09 18:15:00,Microsoft-Windows-Security-Auditing,4634,None,The update operation completed.
Warning,2026-05-09 18:15:00,Microsoft-Windows-WindowsUpdateClient,19,None,The application-specific permission settings do not grant Local Activation permission.
Warning,2026-05-09 18:22:00,Microsoft-Windows-DistributedCOM,10010,None,The application-specific permission settings do not grant Local Activation permission.
Information,2026-05-09 18:33:00,Microsoft-Windows-DistributedCOM,10016,None,The operation completed successfully.
Warning,2026-05-09 19:26:00,Microsoft-Windows-WindowsUpdateClient,20,None,A service took longer than expected to respond.
Critical,2026-05-09 19:45:00,Microsoft-Windows-DistributedCOM,10016,None,The system rebooted without cleanly shutting down first.
Information,2026-05-09 19:55:00,Microsoft-Windows-DriverFrameworks-UserMode,10111,None,The update operation completed.
Warning,2026-05-09 21:06:00,Microsoft-Windows-DistributedCOM,10016,None,A service took longer than expected to respond.
Information,2026-05-09 21:18:00,Service Control Manager,7000,None,The operation completed successfully.
Information,2026-05-09 21:42:00,Application Error,1000,None,A Windows service changed state.
Warning,2026-05-09 22:52:00,Application Error,1000,None,A service took longer than expected to respond.
Information,2026-05-09 23:50:00,Microsoft-Windows-WindowsUpdateClient,19,None,The operation completed successfully.
Information,2026-05-10 00:15:00,Service Control Manager,7031,None,A user session was started.
Warning,2026-05-10 01:01:00,Microsoft-Windows-WindowsUpdateClient,31,None,A service took longer than expected to respond.
Information,2026-05-10 02:01:00,Microsoft-Windows-DistributedCOM,10016,None,The operation completed successfully.
Information,2026-05-10 02:33:00,Microsoft-Windows-DriverFrameworks-UserMode,10110,None,A Windows service changed state.
Warning,2026-05-10 02:35:00,Microsoft-Windows-WindowsUpdateClient,31,None,A device reported a recoverable condition.
Information,2026-05-10 02:43:00,Microsoft-Windows-Security-Auditing,4634,None,A Windows service changed state.
Warning,2026-05-10 02:59:00,Service Control Manager,7031,None,A device reported a recoverable condition.
Error,2026-05-10 03:09:00,Microsoft-Windows-DistributedCOM,10016,None,An update could not be installed.
Warning,2026-05-10 03:18:00,Microsoft-Windows-DistributedCOM,10016,None,The application-specific permission settings do not grant Local Activation permission.
Error,2026-05-10 03:45:00,Microsoft-Windows-DistributedCOM,10010,None,A service terminated unexpectedly.
Warning,2026-05-10 04:02:00,Microsoft-Windows-DistributedCOM,10010,None,A device reported a recoverable condition.
Warning,2026-05-10 04:12:00,Microsoft-Windows-Security-Auditing,4625,None,A service took longer than expected to respond.
Information,2026-05-10 05:23:00,Winlogon,6006,None,A user session was started.
Information,2026-05-10 05:35:00,Microsoft-Windows-WindowsUpdateClient,20,None,A Windows service changed state.
Information,2026-05-10 06:45:00,Microsoft-Windows-DistributedCOM,10016,None,The update operation completed.
Information,2026-05-10 07:44:00,Microsoft-Windows-DistributedCOM,10016,None,The operation completed successfully.
Warning,2026-05-10 08:18:00,Service Control Manager,7031,None,The application-specific permission settings do not grant Local Activation permission.
Information,2026-05-10 08:29:00,Microsoft-Windows-DistributedCOM,10016,None,The update operation completed.
Warning,2026-05-10 09:00:00,Microsoft-Windows-Security-Auditing,4625,None,The application-specific permission settings do not grant Local Activation permission.
Warning,2026-05-10 09:05:00,Microsoft-Windows-DriverFrameworks-UserMode,10110,None,The application-specific permission settings do not grant Local Activation permission.
Information,2026-05-10 09:10:00,Microsoft-Windows-WindowsUpdateClient,20,None,A Windows service changed state.
Critical,2026-05-10 11:09:00,Service Control Manager,7001,None,A critical system component stopped unexpectedly.
Warning,2026-05-10 11:53:00,Service Control Manager,7000,None,A service took longer than expected to respond.
Information,2026-05-10 13:18:00,Service Control Manager,7031,None,The update operation completed.
Information,2026-05-10 13:20:00,Service Control Manager,7040,None,A Windows service changed state.
Information,2026-05-10 13:41:00,Microsoft-Windows-WindowsUpdateClient,20,None,The update operation completed.
Information,2026-05-10 13:48:00,Service Control Manager,7001,None,The update operation completed.
Information,2026-05-10 14:17:00,Microsoft-Windows-DistributedCOM,10010,None,The update operation completed.
Warning,2026-05-10 15:35:00,Microsoft-Windows-Security-Auditing,4625,None,A device reported a recoverable condition.
Information,2026-05-10 17:36:00,Microsoft-Windows-DistributedCOM,10016,None,A Windows service changed state.
Information,2026-05-10 17:52:00,Microsoft-Windows-WindowsUpdateClient,19,None,A user session was started.
Information,2026-05-10 17:53:00,Microsoft-Windows-Security-Auditing,4634,None,The operation completed successfully.
Information,2026-05-10 18:05:00,Application Error,1000,None,The operation completed successfully.
Warning,2026-05-10 18:15:00,Microsoft-Windows-Kernel-Power,41,None,A device reported a recoverable condition.
Information,2026-05-10 18:31:00,Microsoft-Windows-DistributedCOM,10010,None,The operation completed successfully.
Information,2026-05-10 18:35:00,Microsoft-Windows-Security-Auditing,4624,None,The update operation completed.
Warning,2026-05-10 18:54:00,Microsoft-Windows-Security-Auditing,4625,None,The application-specific permission settings do not grant Local Activation permission.
Information,2026-05-10 19:00:00,Winlogon,6006,None,The operation completed successfully.
Information,2026-05-10 19:34:00,Microsoft-Windows-WindowsUpdateClient,43,None,The operation completed successfully.
Warning,2026-05-10 19:38:00,Microsoft-Windows-WindowsUpdateClient,19,None,The application-specific permission settings do not grant Local Activation permission.
Information,2026-05-10 19:45:00,Service Control Manager,7000,None,A Windows service changed state.
Information,2026-05-10 20:35:00,Microsoft-Windows-Kernel-Power,41,None,The operation completed successfully.
Information,2026-05-10 20:57:00,Microsoft-Windows-Security-Auditing,4624,None,A Windows service changed state.
Information,2026-05-10 20:58:00,Microsoft-Windows-DistributedCOM,10010,None,The update operation completed.
Information,2026-05-10 21:22:00,Microsoft-Windows-Security-Auditing,4624,None,The update operation completed.
Information,2026-05-10 21:55:00,Microsoft-Windows-DistributedCOM,10016,None,The update operation completed.
Information,2026-05-10 22:48:00,Microsoft-Windows-DistributedCOM,10016,None,The update operation completed.
Error,2026-05-10 23:11:00,Microsoft-Windows-WindowsUpdateClient,20,None,An application stopped responding.
Error,2026-05-10 23:53:00,Microsoft-Windows-DistributedCOM,10010,None,An update could not be installed.
Information,2026-05-11 00:37:00,Microsoft-Windows-Security-Auditing,4624,None,A Windows service changed state.
Error,2026-05-11 01:31:00,Application Error,1000,None,A user logon attempt failed.
Information,2026-05-11 01:50:00,Microsoft-Windows-DistributedCOM,10016,None,A user session was started.
Information,2026-05-11 01:52:00,Service Control Manager,7031,None,The operation completed successfully.
Information,2026-05-11 02:23:00,Microsoft-Windows-DistributedCOM,10016,None,A Windows service changed state.
Warning,2026-05-11 03:30:00,Microsoft-Windows-WindowsUpdateClient,31,None,A device reported a recoverable condition.
Error,2026-05-11 03:35:00,Microsoft-Windows-DistributedCOM,10010,None,A service terminated unexpectedly.
Error,2026-05-11 03:49:00,Application Error,1001,None,An application stopped responding.
Information,2026-05-11 04:00:00,Service Control Manager,7040,None,A user session was started.
Information,2026-05-11 05:58:00,Microsoft-Windows-WindowsUpdateClient,19,None,A user session was started.
Information,2026-05-11 06:06:00,Microsoft-Windows-WindowsUpdateClient,19,None,A Windows service changed state.
Information,2026-05-11 07:01:00,Microsoft-Windows-DistributedCOM,10010,None,The update operation completed.
Information,2026-05-11 07:02:00,Microsoft-Windows-WindowsUpdateClient,20,None,A Windows service changed state.
Warning,2026-05-11 07:14:00,Microsoft-Windows-Kernel-Power,109,None,A service took longer than expected to respond.
Warning,2026-05-11 08:28:00,Microsoft-Windows-WindowsUpdateClient,19,None,A device reported a recoverable condition.
Warning,2026-05-11 08:41:00,Microsoft-Windows-WindowsUpdateClient,20,None,A device reported a recoverable condition.
Information,2026-05-11 10:21:00,Microsoft-Windows-Security-Auditing,4624,None,The operation completed successfully.
Information,2026-05-11 11:46:00,Service Control Manager,7040,None,A Windows service changed state.
Information,2026-05-11 11:49:00,Microsoft-Windows-WindowsUpdateClient,43,None,A user session was started.
Error,2026-05-11 12:57:00,Service Control Manager,7031,None,An application stopped responding.
Warning,2026-05-11 13:05:00,Service Control Manager,7040,None,The application-specific permission settings do not grant Local Activation permission.
Warning,2026-05-11 13:48:00,Microsoft-Windows-DistributedCOM,10016,None,The application-specific permission settings do not grant Local Activation permission.
Information,2026-05-11 13:53:00,Microsoft-Windows-Kernel-Power,41,None,The update operation completed.
Warning,2026-05-11 14:54:00,Microsoft-Windows-DriverFrameworks-UserMode,10111,None,A service took longer than expected to respond.
Information,2026-05-11 15:04:00,Microsoft-Windows-DistributedCOM,10010,None,A Windows service changed state.
Information,2026-05-11 15:20:00,Service Control Manager,7040,None,A user session was started.
Warning,2026-05-11 15:41:00,Microsoft-Windows-DriverFrameworks-UserMode,10110,None,A service took longer than expected to respond.
Warning,2026-05-11 16:42:00,Microsoft-Windows-Security-Auditing,4625,None,A device reported a recoverable condition.
Information,2026-05-11 16:49:00,Microsoft-Windows-DriverFrameworks-UserMode,10111,None,The update operation completed.
Information,2026-05-11 17:13:00,Service Control Manager,7001,None,A Windows service changed state.
Information,2026-05-11 17:14:00,Service Control Manager,7031,None,The operation completed successfully.
Information,2026-05-11 17:18:00,Microsoft-Windows-DistributedCOM,10010,None,The update operation completed.
Warning,2026-05-11 17:26:00,Service Control Manager,7031,None,The application-specific permission settings do not grant Local Activation permission.
Information,2026-05-11 17:44:00,Microsoft-Windows-Security-Auditing,4624,None,A Windows service changed state.
Information,2026-05-11 17:55:00,Microsoft-Windows-Security-Auditing,4624,None,A user session was started.
Information,2026-05-11 18:09:00,Microsoft-Windows-Security-Auditing,4624,None,A Windows service changed state.
Information,2026-05-11 18:10:00,Microsoft-Windows-Security-Auditing,4624,None,A user session was started.
Error,2026-05-11 18:22:00,Service Control Manager,7001,None,A service terminated unexpectedly.
Information,2026-05-11 19:23:00,Microsoft-Windows-Kernel-Power,41,None,A Windows service changed state.
Information,2026-05-11 19:30:00,Microsoft-Windows-Kernel-Power,109,None,The update operation completed.
Information,2026-05-11 19:56:00,Microsoft-Windows-DistributedCOM,10010,None,The update operation completed.
Error,2026-05-11 20:14:00,Microsoft-Windows-WindowsUpdateClient,19,None,An application stopped responding.
Information,2026-05-11 21:31:00,Microsoft-Windows-DistributedCOM,10016,None,The update operation completed.
Information,2026-05-11 23:31:00,Microsoft-Windows-DistributedCOM,10010,None,The update operation completed.
Information,2026-05-11 23:33:00,Microsoft-Windows-DistributedCOM,10016,None,The operation completed successfully.
Information,2026-05-11 23:44:00,Service Control Manager,7001,None,The update operation completed.
Information,2026-05-12 00:01:00,Microsoft-Windows-DistributedCOM,10010,None,The update operation completed.
Warning,2026-05-12 00:10:00,Microsoft-Windows-Security-Auditing,4625,None,The application-specific permission settings do not grant Local Activation permission.
Information,2026-05-12 00:34:00,Microsoft-Windows-Security-Auditing,4624,None,The update operation completed.
Error,2026-05-12 00:36:00,Microsoft-Windows-WindowsUpdateClient,31,None,A service terminated unexpectedly.
Information,2026-05-12 00:41:00,Microsoft-Windows-Security-Auditing,4624,None,A Windows service changed state.
Warning,2026-05-12 00:48:00,Microsoft-Windows-Kernel-Power,41,None,A device reported a recoverable condition.
Warning,2026-05-12 00:53:00,Microsoft-Windows-DistributedCOM,10016,None,The application-specific permission settings do not grant Local Activation permission.
Information,2026-05-12 00:56:00,Microsoft-Windows-DistributedCOM,10010,None,A Windows service changed state.
Information,2026-05-12 01:03:00,Winlogon,6006,None,A user session was started.
Information,2026-05-12 01:18:00,Microsoft-Windows-WindowsUpdateClient,19,None,The operation completed successfully.
Warning,2026-05-12 01:32:00,Microsoft-Windows-Kernel-Power,109,None,A service took longer than expected to respond.
Information,2026-05-12 01:38:00,Microsoft-Windows-DistributedCOM,10010,None,A user session was started.
Warning,2026-05-12 01:42:00,Service Control Manager,7040,None,The application-specific permission settings do not grant Local Activation permission.
Warning,2026-05-12 01:45:00,Service Control Manager,7031,None,A device reported a recoverable condition.
Information,2026-05-12 01:50:00,Microsoft-Windows-Security-Auditing,4624,None,A Windows service changed state.
Information,2026-05-12 02:16:00,Microsoft-Windows-DistributedCOM,10010,None,The update operation completed.
Information,2026-05-12 02:27:00,Microsoft-Windows-Security-Auditing,4624,None,The operation completed successfully.
Error,2026-05-12 02:45:00,Service Control Manager,7031,None,An application stopped responding.
Information,2026-05-12 02:49:00,Microsoft-Windows-Security-Auditing,4624,None,The update operation completed.
Information,2026-05-12 02:57:00,Microsoft-Windows-Kernel-Power,109,None,The update operation completed.
Warning,2026-05-12 02:57:00,Microsoft-Windows-Kernel-Power,109,None,A service took longer than expected to respond.
Warning,2026-05-12 03:00:00,Service Control Manager,7031,None,A service took longer than expected to respond.
Information,2026-05-12 03:13:00,Microsoft-Windows-DistributedCOM,10010,None,A Windows service changed state.
Information,2026-05-12 03:16:00,Microsoft-Windows-Security-Auditing,4624,None,A user session was started.
Information,2026-05-12 03:19:00,Service Control Manager,7000,None,A Windows service changed state.
Information,2026-05-12 03:45:00,Microsoft-Windows-Security-Auditing,4634,None,A user session was started.
Information,2026-05-12 03:50:00,Service Control Manager,7000,None,A user session was started.
Information,2026-05-12 04:07:00,Application Error,1001,None,The operation completed successfully.
Information,2026-05-12 04:13:00,Microsoft-Windows-DistributedCOM,10010,None,The operation completed successfully.
Information,2026-05-12 04:24:00,Microsoft-Windows-WindowsUpdateClient,20,None,The operation completed successfully.
Information,2026-05-12 04:32:00,Service Control Manager,7001,None,The operation completed successfully.
Information,2026-05-12 04:32:00,Microsoft-Windows-DistributedCOM,10016,None,A user session was started.
Information,2026-05-12 05:09:00,Microsoft-Windows-Kernel-Power,41,None,The update operation completed.
Information,2026-05-12 05:09:00,Microsoft-Windows-DistributedCOM,10016,None,The update operation completed.
Information,2026-05-12 05:09:00,Winlogon,6006,None,The operation completed successfully.
Information,2026-05-12 05:15:00,Microsoft-Windows-DistributedCOM,10010,None,A Windows service changed state.
Information,2026-05-12 05:16:00,Microsoft-Windows-DriverFrameworks-UserMode,10110,None,A Windows service changed state.
Information,2026-05-12 05:19:00,Microsoft-Windows-Kernel-Power,109,None,A Windows service changed state.
Information,2026-05-12 05:31:00,Microsoft-Windows-Kernel-Power,109,None,A Windows service changed state.
Information,2026-05-12 05:40:00,Winlogon,6005,None,A Windows service changed state.
Information,2026-05-12 05:41:00,Microsoft-Windows-WindowsUpdateClient,20,None,A Windows service changed state.
Information,2026-05-12 05:43:00,Microsoft-Windows-DistributedCOM,10010,None,The update operation completed.
Information,2026-05-12 05:55:00,Winlogon,6005,None,A user session was started.
Information,2026-05-12 06:05:00,Microsoft-Windows-WindowsUpdateClient,31,None,A Windows service changed state.
Warning,2026-05-12 06:15:00,Service Control Manager,7000,None,The application-specific permission settings do not grant Local Activation permission.
Information,2026-05-12 06:19:00,Microsoft-Windows-DistributedCOM,10016,None,The operation completed successfully.
Information,2026-05-12 06:34:00,Microsoft-Windows-DistributedCOM,10016,None,The update operation completed.
Warning,2026-05-12 06:36:00,Microsoft-Windows-Kernel-Power,109,None,A device reported a recoverable condition.
Information,2026-05-12 06:49:00,Application Error,1000,None,The operation completed successfully.
Information,2026-05-12 06:54:00,Microsoft-Windows-Security-Auditing,4624,None,The operation completed successfully.
Information,2026-05-12 06:55:00,Microsoft-Windows-WindowsUpdateClient,19,None,A Windows service changed state.
Warning,2026-05-12 06:58:00,Application Error,1001,None,A device reported a recoverable condition.
Information,2026-05-12 07:33:00,Microsoft-Windows-DistributedCOM,10010,None,The operation completed successfully.
Warning,2026-05-12 07:35:00,Microsoft-Windows-DistributedCOM,10010,None,A service took longer than expected to respond.
Information,2026-05-12 07:51:00,Microsoft-Windows-WindowsUpdateClient,20,None,The update operation completed.
Warning,2026-05-12 07:55:00,Microsoft-Windows-WindowsUpdateClient,31,None,A device reported a recoverable condition.
Information,2026-05-12 08:23:00,Microsoft-Windows-DistributedCOM,10010,None,A user session was started.
Information,2026-05-12 08:26:00,Microsoft-Windows-DistributedCOM,10010,None,The operation completed successfully.
Warning,2026-05-12 08:28:00,Service Control Manager,7031,None,The application-specific permission settings do not grant Local Activation permission.
Information,2026-05-12 08:29:00,Microsoft-Windows-Security-Auditing,4634,None,The update operation completed.
Information,2026-05-12 08:42:00,Microsoft-Windows-Kernel-Power,109,None,The update operation completed.
Information,2026-05-12 09:04:00,Microsoft-Windows-DriverFrameworks-UserMode,10110,None,A user session was started.
Information,2026-05-12 09:26:00,Microsoft-Windows-DistributedCOM,10010,None,The operation completed successfully.
Warning,2026-05-12 09:26:00,Application Error,1000,None,A service took longer than expected to respond.
Information,2026-05-12 09:27:00,Microsoft-Windows-Security-Auditing,4624,None,A Windows service changed state.
Error,2026-05-12 09:29:00,Microsoft-Windows-DistributedCOM,10010,None,A service terminated unexpectedly.
Warning,2026-05-12 09:36:00,Microsoft-Windows-WindowsUpdateClient,31,None,A device reported a recoverable condition.
Information,2026-05-12 09:38:00,Microsoft-Windows-DistributedCOM,10010,None,The update operation completed.
Information,2026-05-12 09:43:00,Service Control Manager,7000,None,The operation completed successfully.
Information,2026-05-12 09:50:00,Microsoft-Windows-WindowsUpdateClient,20,None,The operation completed successfully.
Information,2026-05-12 10:14:00,Microsoft-Windows-DistributedCOM,10016,None,A Windows service changed state.
Warning,2026-05-12 10:17:00,Winlogon,6005,None,A service took longer than expected to respond.
Information,2026-05-12 10:18:00,Microsoft-Windows-Security-Auditing,4624,None,A user session was started.
Information,2026-05-12 10:19:00,Microsoft-Windows-DistributedCOM,10016,None,A user session was started.
Error,2026-05-12 10:23:00,Microsoft-Windows-WindowsUpdateClient,20,None,A user logon attempt failed.
Information,2026-05-12 10:38:00,Microsoft-Windows-Kernel-Power,109,None,A user session was started.
Information,2026-05-12 10:40:00,Application Error,1000,None,A user session was started.
Warning,2026-05-12 10:57:00,Application Error,1000,None,The application-specific permission settings do not grant Local Activation permission.
Information,2026-05-12 10:57:00,Microsoft-Windows-DistributedCOM,10010,None,The operation completed successfully.
Warning,2026-05-12 11:03:00,Microsoft-Windows-Security-Auditing,4625,None,The application-specific permission settings do not grant Local Activation permission.
Information,2026-05-12 11:15:00,Microsoft-Windows-DistributedCOM,10016,None,The operation completed successfully.
Information,2026-05-12 11:16:00,Microsoft-Windows-DistributedCOM,10010,None,A Windows service changed state.
Warning,2026-05-12 11:17:00,Microsoft-Windows-Kernel-Power,109,None,The application-specific permission settings do not grant Local Activation permission.
Error,2026-05-12 11:25:00,Microsoft-Windows-Kernel-Power,41,None,A service terminated unexpectedly.
Information,2026-05-12 11:27:00,Microsoft-Windows-DistributedCOM,10016,None,The update operation completed.
Information,2026-05-12 11:27:00,Microsoft-Windows-DistributedCOM,10010,None,The operation completed successfully.
Warning,2026-05-12 11:38:00,Microsoft-Windows-DistributedCOM,10016,None,The application-specific permission settings do not grant Local Activation permission.
Information,2026-05-12 12:19:00,Microsoft-Windows-DistributedCOM,10016,None,The operation completed successfully.
Error,2026-05-12 12:27:00,Microsoft-Windows-DistributedCOM,10016,None,An application stopped responding.
Information,2026-05-12 13:00:00,Microsoft-Windows-DriverFrameworks-UserMode,10111,None,The operation completed successfully.
Information,2026-05-12 13:04:00,Microsoft-Windows-DistributedCOM,10010,None,The update operation completed.
Information,2026-05-12 13:15:00,Microsoft-Windows-WindowsUpdateClient,31,None,A Windows service changed state.
Warning,2026-05-12 13:20:00,Winlogon,6006,None,The application-specific permission settings do not grant Local Activation permission.
Information,2026-05-12 13:33:00,Microsoft-Windows-DistributedCOM,10016,None,A user session was started.
Information,2026-05-12 13:34:00,Microsoft-Windows-DriverFrameworks-UserMode,10111,None,A user session was started.
Critical,2026-05-12 13:40:00,Microsoft-Windows-WindowsUpdateClient,31,None,The system rebooted without cleanly shutting down first.
Information,2026-05-12 13:48:00,Application Error,1001,None,A user session was started.
Information,2026-05-12 14:00:00,Microsoft-Windows-DistributedCOM,10010,None,The operation completed successfully.
Information,2026-05-12 14:05:00,Microsoft-Windows-DistributedCOM,10010,None,A Windows service changed state.
Information,2026-05-12 14:06:00,Service Control Manager,7000,None,The operation completed successfully.
Information,2026-05-12 14:17:00,Microsoft-Windows-Kernel-Power,109,None,A Windows service changed state.
Warning,2026-05-12 14:21:00,Microsoft-Windows-DistributedCOM,10016,None,A service took longer than expected to respond.
Information,2026-05-12 14:21:00,Winlogon,6005,None,A Windows service changed state.
Information,2026-05-12 14:41:00,Microsoft-Windows-Security-Auditing,4624,None,The update operation completed.
Information,2026-05-12 14:50:00,Microsoft-Windows-DistributedCOM,10016,None,A user session was started.
Warning,2026-05-12 14:58:00,Microsoft-Windows-Kernel-Power,41,None,A service took longer than expected to respond.
Warning,2026-05-12 15:02:00,Microsoft-Windows-DistributedCOM,10016,None,The application-specific permission settings do not grant Local Activation permission.
Information,2026-05-12 15:05:00,Microsoft-Windows-WindowsUpdateClient,19,None,The operation completed successfully.
Information,2026-05-12 15:08:00,Microsoft-Windows-Security-Auditing,4624,None,A user session was started.
Information,2026-05-12 15:13:00,Service Control Manager,7000,None,A user session was started.
Information,2026-05-12 15:16:00,Service Control Manager,7001,None,The update operation completed.
Warning,2026-05-12 15:17:00,Microsoft-Windows-DistributedCOM,10016,None,The application-specific permission settings do not grant Local Activation permission.
Information,2026-05-12 15:33:00,Microsoft-Windows-DistributedCOM,10016,None,The operation completed successfully.
Warning,2026-05-12 15:42:00,Microsoft-Windows-WindowsUpdateClient,31,None,A service took longer than expected to respond.
Warning,2026-05-12 15:43:00,Service Control Manager,7001,None,A service took longer than expected to respond.
Information,2026-05-12 15:50:00,Microsoft-Windows-DistributedCOM,10016,None,A Windows service changed state.
Information,2026-05-12 15:56:00,Microsoft-Windows-Security-Auditing,4624,None,The update operation completed.
Information,2026-05-12 15:57:00,Service Control Manager,7000,None,A user session was started.
Information,2026-05-12 16:04:00,Service Control Manager,7040,None,The update operation completed.
Information,2026-05-12 16:05:00,Microsoft-Windows-Security-Auditing,4624,None,A user session was started.
Warning,2026-05-12 16:08:00,Service Control Manager,7000,None,A device reported a recoverable condition.
Information,2026-05-12 16:14:00,Microsoft-Windows-DistributedCOM,10016,None,A user session was started.
Warning,2026-05-12 16:24:00,Microsoft-Windows-WindowsUpdateClient,43,None,The application-specific permission settings do not grant Local Activation permission.
Information,2026-05-12 16:28:00,Microsoft-Windows-DistributedCOM,10010,None,A Windows service changed state.
Information,2026-05-12 16:29:00,Microsoft-Windows-WindowsUpdateClient,31,None,The operation completed successfully.
Error,2026-05-12 16:56:00,Microsoft-Windows-DistributedCOM,10010,None,An update could not be installed.
Information,2026-05-12 17:01:00,Microsoft-Windows-DistributedCOM,10016,None,A user session was started.
Warning,2026-05-12 17:19:00,Microsoft-Windows-DistributedCOM,10016,None,A service took longer than expected to respond.
Warning,2026-05-12 17:23:00,Microsoft-Windows-WindowsUpdateClient,20,None,A device reported a recoverable condition.
Information,2026-05-12 17:33:00,Service Control Manager,7031,None,The update operation completed.
Information,2026-05-12 17:35:00,Service Control Manager,7040,None,The operation completed successfully.
Warning,2026-05-12 17:49:00,Service Control Manager,7001,None,A device reported a recoverable condition.
Warning,2026-05-12 17:51:00,Microsoft-Windows-Kernel-Power,41,None,The application-specific permission settings do not grant Local Activation permission.
Information,2026-05-12 17:53:00,Microsoft-Windows-DistributedCOM,10016,None,A Windows service changed state.
Information,2026-05-12 18:16:00,Application Error,1000,None,The update operation completed.
Information,2026-05-12 18:17:00,Application Error,1000,None,The update operation completed.
Warning,2026-05-12 18:55:00,Microsoft-Windows-DistributedCOM,10016,None,A service took longer than expected to respond.
Warning,2026-05-12 18:57:00,Microsoft-Windows-DistributedCOM,10010,None,A service took longer than expected to respond.
Warning,2026-05-12 19:03:00,Microsoft-Windows-WindowsUpdateClient,31,None,The application-specific permission settings do not grant Local Activation permission.
Warning,2026-05-12 19:08:00,Microsoft-Windows-DistributedCOM,10010,None,A service took longer than expected to respond.
Information,2026-05-12 19:37:00,Microsoft-Windows-DistributedCOM,10010,None,The operation completed successfully.
Warning,2026-05-12 19:51:00,Microsoft-Windows-Kernel-Power,41,None,The application-specific permission settings do not grant Local Activation permission.
Information,2026-05-12 19:52:00,Service Control Manager,7040,None,A Windows service changed state.
Information,2026-05-12 19:54:00,Microsoft-Windows-Security-Auditing,4634,None,The update operation completed.
Information,2026-05-12 20:09:00,Microsoft-Windows-DistributedCOM,10010,None,The update operation completed.
Information,2026-05-12 20:18:00,Microsoft-Windows-DistributedCOM,10016,None,A user session was started.
Information,2026-05-12 20:19:00,Microsoft-Windows-DistributedCOM,10010,None,A user session was started.
Warning,2026-05-12 20:20:00,Service Control Manager,7040,None,The application-specific permission settings do not grant Local Activation permission.
Information,2026-05-12 20:21:00,Microsoft-Windows-DistributedCOM,10010,None,The operation completed successfully.
Error,2026-05-12 20:26:00,Microsoft-Windows-WindowsUpdateClient,43,None,A service terminated unexpectedly.
Warning,2026-05-12 20:41:00,Microsoft-Windows-DistributedCOM,10010,None,A device reported a recoverable condition.
Warning,2026-05-12 20:41:00,Microsoft-Windows-DistributedCOM,10016,None,A device reported a recoverable condition.
Warning,2026-05-12 20:47:00,Microsoft-Windows-DistributedCOM,10016,None,The application-specific permission settings do not grant Local Activation permission.
Information,2026-05-12 20:54:00,Microsoft-Windows-Security-Auditing,4624,None,The operation completed successfully.
Warning,2026-05-12 21:01:00,Microsoft-Windows-WindowsUpdateClient,19,None,A service took longer than expected to respond.
Warning,2026-05-12 21:06:00,Microsoft-Windows-WindowsUpdateClient,43,None,A service took longer than expected to respond.
Warning,2026-05-12 21:07:00,Winlogon,6005,None,A device reported a recoverable condition.
Information,2026-05-12 21:17:00,Microsoft-Windows-DistributedCOM,10010,None,A Windows service changed state.
Warning,2026-05-12 21:20:00,Microsoft-Windows-Security-Auditing,4625,None,A service took longer than expected to respond.
Information,2026-05-12 21:34:00,Microsoft-Windows-DriverFrameworks-UserMode,10111,None,A user session was started.
Warning,2026-05-12 21:36:00,Microsoft-Windows-DistributedCOM,10010,None,A service took longer than expected to respond.
Information,2026-05-12 21:40:00,Service Control Manager,7001,None,The operation completed successfully.
Warning,2026-05-12 21:40:00,Service Control Manager,7031,None,A service took longer than expected to respond.
Warning,2026-05-12 21:40:00,Microsoft-Windows-Kernel-Power,41,None,The application-specific permission settings do not grant Local Activation permission.
Error,2026-05-12 21:45:00,Winlogon,6006,None,A user logon attempt failed.
Information,2026-05-12 21:48:00,Microsoft-Windows-DistributedCOM,10010,None,The update operation completed.
Warning,2026-05-12 21:54:00,Microsoft-Windows-Kernel-Power,109,None,A service took longer than expected to respond.
Error,2026-05-12 22:32:00,Microsoft-Windows-DistributedCOM,10010,None,An update could not be installed.
Information,2026-05-12 22:39:00,Microsoft-Windows-DistributedCOM,10010,None,A user session was started.
Information,2026-05-12 22:42:00,Service Control Manager,7031,None,A user session was started.
Information,2026-05-12 22:48:00,Microsoft-Windows-DistributedCOM,10010,None,The operation completed successfully.
Information,2026-05-12 23:00:00,Microsoft-Windows-DistributedCOM,10016,None,A Windows service changed state.
Error,2026-05-12 23:19:00,Microsoft-Windows-DistributedCOM,10010,None,A user logon attempt failed.
Warning,2026-05-12 23:19:00,Microsoft-Windows-DistributedCOM,10016,None,The application-specific permission settings do not grant Local Activation permission.
Information,2026-05-12 23:28:00,Microsoft-Windows-DistributedCOM,10010,None,The update operation completed.
Warning,2026-05-12 23:30:00,Service Control Manager,7031,None,The application-specific permission settings do not grant Local Activation permission.
Warning,2026-05-12 23:37:00,Microsoft-Windows-Security-Auditing,4625,None,A device reported a recoverable condition.
Information,2026-05-12 23:44:00,Service Control Manager,7040,None,The update operation completed.
Information,2026-05-12 23:49:00,Microsoft-Windows-DistributedCOM,10016,None,A user session was started.
Information,2026-05-12 23:50:00,Microsoft-Windows-DriverFrameworks-UserMode,10111,None,The operation completed successfully.
Information,2026-05-12 23:53:00,Microsoft-Windows-Security-Auditing,4624,None,A user session was started.
Warning,2026-05-12 23:54:00,Service Control Manager,7001,None,A device reported a recoverable condition.
Error,2026-05-12 23:57:00,Microsoft-Windows-DriverFrameworks-UserMode,10110,None,A service terminated unexpectedly.
Information,2026-05-13 00:11:00,Microsoft-Windows-DistributedCOM,10010,None,A user session was started.
Information,2026-05-13 00:31:00,Microsoft-Windows-WindowsUpdateClient,19,None,A Windows service changed state.
Warning,2026-05-13 01:24:00,Service Control Manager,7001,None,A device reported a recoverable condition.
Error,2026-05-13 01:37:00,Microsoft-Windows-DistributedCOM,10010,None,A service terminated unexpectedly.
Error,2026-05-13 01:40:00,Microsoft-Windows-WindowsUpdateClient,19,None,A user logon attempt failed.
Information,2026-05-13 01:45:00,Microsoft-Windows-DistributedCOM,10010,None,The update operation completed.
Warning,2026-05-13 02:21:00,Microsoft-Windows-DistributedCOM,10016,None,The application-specific permission settings do not grant Local Activation permission.
Warning,2026-05-13 02:39:00,Microsoft-Windows-DistributedCOM,10016,None,The application-specific permission settings do not grant Local Activation permission.
Information,2026-05-13 02:48:00,Microsoft-Windows-Security-Auditing,4624,None,A Windows service changed state.
Information,2026-05-13 03:09:00,Microsoft-Windows-DistributedCOM,10010,None,The update operation completed.
Information,2026-05-13 03:32:00,Microsoft-Windows-DistributedCOM,10016,None,The operation completed successfully.
Error,2026-05-13 04:28:00,Microsoft-Windows-DistributedCOM,10016,None,A user logon attempt failed.
Information,2026-05-13 05:22:00,Microsoft-Windows-DistributedCOM,10010,None,The operation completed successfully.
Warning,2026-05-13 05:44:00,Service Control Manager,7031,None,The application-specific permission settings do not grant Local Activation permission.
Information,2026-05-13 06:03:00,Microsoft-Windows-WindowsUpdateClient,43,None,The operation completed successfully.
Information,2026-05-13 06:20:00,Microsoft-Windows-DistributedCOM,10010,None,A user session was started.
Information,2026-05-13 06:43:00,Microsoft-Windows-DistributedCOM,10010,None,A user session was started.
Information,2026-05-13 07:17:00,Microsoft-Windows-Security-Auditing,4624,None,A user session was started.
Information,2026-05-13 07:47:00,Microsoft-Windows-WindowsUpdateClient,43,None,A Windows service changed state.
Warning,2026-05-13 08:32:00,Microsoft-Windows-WindowsUpdateClient,19,None,The application-specific permission settings do not grant Local Activation permission.
Information,2026-05-13 08:40:00,Microsoft-Windows-DistributedCOM,10016,None,The update operation completed.
Information,2026-05-13 09:00:00,Microsoft-Windows-DriverFrameworks-UserMode,10110,None,The operation completed successfully.
Warning,2026-05-13 09:06:00,Microsoft-Windows-DistributedCOM,10010,None,A device reported a recoverable condition.
Error,2026-05-13 09:13:00,Microsoft-Windows-DistributedCOM,10010,None,An application stopped responding.
Information,2026-05-13 09:26:00,Microsoft-Windows-Security-Auditing,4624,None,A user session was started.
Warning,2026-05-13 09:27:00,Service Control Manager,7031,None,A service took longer than expected to respond.
Error,2026-05-13 09:34:00,Application Error,1000,None,An update could not be installed.
Information,2026-05-13 09:40:00,Microsoft-Windows-WindowsUpdateClient,20,None,The update operation completed.
Information,2026-05-13 09:44:00,Microsoft-Windows-DistributedCOM,10016,None,A Windows service changed state.
Warning,2026-05-13 09:47:00,Service Control Manager,7040,None,A device reported a recoverable condition.
Information,2026-05-13 09:52:00,Microsoft-Windows-Kernel-Power,109,None,The update operation completed.
Information,2026-05-13 10:09:00,Application Error,1000,None,The update operation completed.
Information,2026-05-13 11:47:00,Microsoft-Windows-DistributedCOM,10016,None,The update operation completed.
Information,2026-05-13 12:29:00,Winlogon,6006,None,The update operation completed.
Warning,2026-05-13 12:39:00,Winlogon,6006,None,A device reported a recoverable condition.
Information,2026-05-13 12:42:00,Microsoft-Windows-Security-Auditing,4624,None,The update operation completed.
Error,2026-05-13 13:07:00,Application Error,1001,None,A user logon attempt failed.
Information,2026-05-13 13:41:00,Microsoft-Windows-Kernel-Power,41,None,A user session was started.
Warning,2026-05-13 15:46:00,Microsoft-Windows-WindowsUpdateClient,20,None,A service took longer than expected to respond.
Information,2026-05-13 16:30:00,Microsoft-Windows-DistributedCOM,10016,None,The operation completed successfully.
Error,2026-05-13 18:47:00,Microsoft-Windows-WindowsUpdateClient,20,None,A user logon attempt failed.
Information,2026-05-13 19:18:00,Microsoft-Windows-DistributedCOM,10010,None,A user session was started.
Warning,2026-05-13 20:46:00,Microsoft-Windows-Kernel-Power,109,None,A service took longer than expected to respond.
Information,2026-05-13 21:07:00,Microsoft-Windows-Security-Auditing,4624,None,A user session was started.
Information,2026-05-13 22:22:00,Winlogon,6006,None,A Windows service changed state.
Information,2026-05-13 22:26:00,Service Control Manager,7000,None,A Windows service changed state.
Warning,2026-05-13 22:26:00,Microsoft-Windows-DistributedCOM,10010,None,The application-specific permission settings do not grant Local Activation permission.
Warning,2026-05-13 22:39:00,Microsoft-Windows-Kernel-Power,109,None,The application-specific permission settings do not grant Local Activation permission.
Information,2026-05-13 23:22:00,Service Control Manager,7040,None,The update operation completed.
Information,2026-05-13 23:22:00,Microsoft-Windows-WindowsUpdateClient,20,None,The update operation completed.
Information,2026-05-14 00:16:00,Application Error,1000,None,A Windows service changed state.
Information,2026-05-14 00:40:00,Service Control Manager,7040,None,The operation completed successfully.
Information,2026-05-14 01:06:00,Service Control Manager,7000,None,The update operation completed.
Information,2026-05-14 01:12:00,Winlogon,6005,None,The operation completed successfully.
Warning,2026-05-14 02:54:00,Service Control Manager,7031,None,A service took longer than expected to respond.
Information,2026-05-14 03:39:00,Microsoft-Windows-DistributedCOM,10010,None,A user session was started.
Warning,2026-05-14 03:49:00,Winlogon,6006,None,A device reported a recoverable condition.
Warning,2026-05-14 04:05:00,Service Control Manager,7031,None,A device reported a recoverable condition.
Information,2026-05-14 04:32:00,Service Control Manager,7031,None,The operation completed successfully.
Warning,2026-05-14 04:42:00,Microsoft-Windows-DistributedCOM,10010,None,The application-specific permission settings do not grant Local Activation permission.
Information,2026-05-14 05:18:00,Application Error,1000,None,A Windows service changed state.
Information,2026-05-14 05:23:00,Microsoft-Windows-DriverFrameworks-UserMode,10111,None,The operation completed successfully.
Information,2026-05-14 05:23:00,Service Control Manager,7001,None,A Windows service changed state.
Information,2026-05-14 05:52:00,Service Control Manager,7040,None,The operation completed successfully.
Information,2026-05-14 06:04:00,Microsoft-Windows-DistributedCOM,10010,None,A user session was started.
Information,2026-05-14 06:35:00,Application Error,1001,None,The operation completed successfully.
Information,2026-05-14 07:11:00,Microsoft-Windows-DistributedCOM,10010,None,The update operation completed.
Information,2026-05-14 07:12:00,Microsoft-Windows-WindowsUpdateClient,19,None,The update operation completed.
Information,2026-05-14 08:25:00,Microsoft-Windows-DriverFrameworks-UserMode,10110,None,A user session was started.
Critical,2026-05-14 09:07:00,Microsoft-Windows-WindowsUpdateClient,43,None,A critical system component stopped unexpectedly.
Information,2026-05-14 09:18:00,Microsoft-Windows-DistributedCOM,10016,None,A Windows service changed state.
Information,2026-05-14 10:39:00,Microsoft-Windows-DistributedCOM,10016,None,The operation completed successfully.
Information,2026-05-14 10:57:00,Service Control Manager,7031,None,A Windows service changed state.
Information,2026-05-14 11:54:00,Microsoft-Windows-DistributedCOM,10016,None,The operation completed successfully.
Information,2026-05-14 12:26:00,Microsoft-Windows-WindowsUpdateClient,31,None,The operation completed successfully.
Information,2026-05-14 13:08:00,Microsoft-Windows-DistributedCOM,10010,None,A user session was started.
Information,2026-05-14 14:00:00,Microsoft-Windows-DistributedCOM,10016,None,A Windows service changed state.
Information,2026-05-14 14:03:00,Microsoft-Windows-WindowsUpdateClient,19,None,A user session was started.
Information,2026-05-14 14:07:00,Service Control Manager,7000,None,The operation completed successfully.
Information,2026-05-14 14:51:00,Microsoft-Windows-Kernel-Power,109,None,A user session was started.
Information,2026-05-14 15:10:00,Microsoft-Windows-WindowsUpdateClient,43,None,The operation completed successfully.
Information,2026-05-14 17:18:00,Microsoft-Windows-DistributedCOM,10016,None,A user session was started.
Information,2026-05-14 17:19:00,Service Control Manager,7040,None,A Windows service changed state.
Warning,2026-05-14 18:12:00,Service Control Manager,7040,None,A service took longer than expected to respond.
Information,2026-05-14 18:18:00,Microsoft-Windows-DistributedCOM,10010,None,The update operation completed.
Information,2026-05-14 18:20:00,Microsoft-Windows-DistributedCOM,10016,None,A user session was started.
Error,2026-05-14 18:40:00,Microsoft-Windows-Kernel-Power,41,None,A service terminated unexpectedly.
Warning,2026-05-14 18:53:00,Service Control Manager,7040,None,A service took longer than expected to respond.
Information,2026-05-14 18:55:00,Microsoft-Windows-Security-Auditing,4624,None,A Windows service changed state.
Warning,2026-05-14 19:09:00,Winlogon,6006,None,A service took longer than expected to respond.
Information,2026-05-14 19:25:00,Winlogon,6006,None,The update operation completed.
Warning,2026-05-14 19:39:00,Microsoft-Windows-DistributedCOM,10010,None,The application-specific permission settings do not grant Local Activation permission.
Warning,2026-05-14 20:25:00,Service Control Manager,7031,None,A device reported a recoverable condition.
Information,2026-05-14 20:26:00,Microsoft-Windows-DistributedCOM,10016,None,A Windows service changed state.
Information,2026-05-14 21:16:00,Service Control Manager,7001,None,A user session was started.
Information,2026-05-14 22:12:00,Microsoft-Windows-DistributedCOM,10016,None,A Windows service changed state.
Information,2026-05-14 22:40:00,Microsoft-Windows-WindowsUpdateClient,31,None,The operation completed successfully.
Warning,2026-05-14 22:50:00,Microsoft-Windows-DistributedCOM,10010,None,A service took longer than expected to respond.
Warning,2026-05-14 23:03:00,Microsoft-Windows-DistributedCOM,10010,None,A device reported a recoverable condition.
Information,2026-05-14 23:18:00,Microsoft-Windows-WindowsUpdateClient,20,None,A user session was started.
Information,2026-05-14 23:19:00,Application Error,1000,None,A Windows service changed state.
Critical,2026-05-15 00:36:00,Service Control Manager,7040,None,The system rebooted without cleanly shutting down first.
Error,2026-05-15 00:47:00,Service Control Manager,7031,None,An update could not be installed.
Warning,2026-05-15 00:57:00,Microsoft-Windows-WindowsUpdateClient,43,None,The application-specific permission settings do not grant Local Activation permission.
Information,2026-05-15 01:04:00,Microsoft-Windows-DistributedCOM,10010,None,The update operation completed.
Warning,2026-05-15 01:23:00,Microsoft-Windows-Kernel-Power,109,None,The application-specific permission settings do not grant Local Activation permission.
Information,2026-05-15 01:30:00,Microsoft-Windows-DistributedCOM,10010,None,A user session was started.
Information,2026-05-15 01:30:00,Microsoft-Windows-WindowsUpdateClient,19,None,The operation completed successfully.
Information,2026-05-15 02:24:00,Microsoft-Windows-Kernel-Power,41,None,The update operation completed.
Information,2026-05-15 03:12:00,Microsoft-Windows-DistributedCOM,10016,None,A Windows service changed state.
Information,2026-05-15 03:24:00,Microsoft-Windows-WindowsUpdateClient,19,None,The update operation completed.
Information,2026-05-15 04:27:00,Service Control Manager,7031,None,The update operation completed.
Information,2026-05-15 04:42:00,Microsoft-Windows-WindowsUpdateClient,31,None,The operation completed successfully.
Information,2026-05-15 05:04:00,Microsoft-Windows-DistributedCOM,10016,None,The update operation completed.
Warning,2026-05-15 05:07:00,Application Error,1001,None,A device reported a recoverable condition.
Critical,2026-05-15 05:56:00,Microsoft-Windows-WindowsUpdateClient,43,None,A critical system component stopped unexpectedly.
Error,2026-05-15 05:58:00,Service Control Manager,7031,None,A user logon attempt failed.
Warning,2026-05-15 07:01:00,Microsoft-Windows-DistributedCOM,10010,None,A device reported a recoverable condition.
Information,2026-05-15 07:05:00,Service Control Manager,7001,None,The update operation completed.
Information,2026-05-15 07:12:00,Microsoft-Windows-DistributedCOM,10010,None,The operation completed successfully.
Information,2026-05-15 08:33:00,Service Control Manager,7001,None,A Windows service changed state.
Information,2026-05-15 08:41:00,Service Control Manager,7040,None,The operation completed successfully.
Error,2026-05-15 09:41:00,Microsoft-Windows-DistributedCOM,10016,None,An application stopped responding.
Warning,2026-05-15 11:42:00,Microsoft-Windows-DistributedCOM,10016,None,A service took longer than expected to respond.
Error,2026-05-15 12:01:00,Microsoft-Windows-DistributedCOM,10010,None,An application stopped responding.
Information,2026-05-15 13:48:00,Microsoft-Windows-DistributedCOM,10010,None,The update operation completed.
Information,2026-05-15 14:11:00,Service Control Manager,7000,None,A user session was started.
Warning,2026-05-15 14:15:00,Service Control Manager,7001,None,A service took longer than expected to respond.
Information,2026-05-15 14:36:00,Microsoft-Windows-DistributedCOM,10010,None,The update operation completed.
Information,2026-05-15 14:50:00,Microsoft-Windows-DriverFrameworks-UserMode,10111,None,The operation completed successfully.
Error,2026-05-15 15:16:00,Winlogon,6005,None,An update could not be installed.
Information,2026-05-15 15:19:00,Microsoft-Windows-Kernel-Power,109,None,A user session was started.
Information,2026-05-15 16:03:00,Microsoft-Windows-WindowsUpdateClient,20,None,The operation completed successfully.
Warning,2026-05-15 16:24:00,Microsoft-Windows-WindowsUpdateClient,19,None,A service took longer than expected to respond.
Information,2026-05-15 16:31:00,Service Control Manager,7040,None,A user session was started.
Information,2026-05-15 16:34:00,Application Error,1000,None,The update operation completed.
Information,2026-05-15 16:51:00,Microsoft-Windows-DistributedCOM,10010,None,The update operation completed.
Information,2026-05-15 16:53:00,Microsoft-Windows-WindowsUpdateClient,19,None,The update operation completed.
Information,2026-05-15 16:58:00,Microsoft-Windows-Kernel-Power,41,None,A user session was started.
Information,2026-05-15 17:16:00,Microsoft-Windows-Security-Auditing,4634,None,The operation completed successfully.
Information,2026-05-15 17:23:00,Microsoft-Windows-DistributedCOM,10010,None,A Windows service changed state.
Error,2026-05-15 17:37:00,Service Control Manager,7000,None,A service terminated unexpectedly.
Information,2026-05-15 18:01:00,Microsoft-Windows-DistributedCOM,10010,None,The update operation completed.
Information,2026-05-15 18:01:00,Microsoft-Windows-DistributedCOM,10010,None,The update operation completed.
Information,2026-05-15 18:01:00,Microsoft-Windows-WindowsUpdateClient,19,None,A Windows service changed state.
Warning,2026-05-15 18:03:00,Microsoft-Windows-WindowsUpdateClient,31,None,A device reported a recoverable condition.
Error,2026-05-15 18:06:00,Microsoft-Windows-DriverFrameworks-UserMode,10111,None,An update could not be installed.
Information,2026-05-15 19:05:00,Microsoft-Windows-DistributedCOM,10010,None,The operation completed successfully.
Warning,2026-05-15 20:03:00,Microsoft-Windows-DistributedCOM,10010,None,A service took longer than expected to respond.
Warning,2026-05-15 20:14:00,Service Control Manager,7031,None,A device reported a recoverable condition.
Error,2026-05-15 20:30:00,Microsoft-Windows-Kernel-Power,109,None,An application stopped responding.
Information,2026-05-15 20:35:00,Microsoft-Windows-DistributedCOM,10010,None,A user session was started.
Information,2026-05-15 20:52:00,Service Control Manager,7000,None,The operation completed successfully.
Error,2026-05-15 20:59:00,Microsoft-Windows-WindowsUpdateClient,31,None,An update could not be installed.
Information,2026-05-15 21:43:00,Microsoft-Windows-WindowsUpdateClient,20,None,A Windows service changed state.
Information,2026-05-15 22:17:00,Microsoft-Windows-WindowsUpdateClient,19,None,The operation completed successfully.
Information,2026-05-15 23:02:00,Microsoft-Windows-Security-Auditing,4624,None,A user session was started.
Warning,2026-05-15 23:34:00,Microsoft-Windows-DistributedCOM,10016,None,A service took longer than expected to respond.
Information,2026-05-15 23:45:00,Service Control Manager,7001,None,A user session was started.
Information,2026-05-16 00:42:00,Service Control Manager,7000,None,A Windows service changed state.
Information,2026-05-16 00:52:00,Application Error,1000,None,The update operation completed.
Information,2026-05-16 00:54:00,Microsoft-Windows-DistributedCOM,10016,None,A Windows service changed state.
Information,2026-05-16 01:00:00,Microsoft-Windows-Security-Auditing,4624,None,A Windows service changed state.
Information,2026-05-16 02:21:00,Microsoft-Windows-WindowsUpdateClient,31,None,A Windows service changed state.
Information,2026-05-16 03:01:00,Microsoft-Windows-DistributedCOM,10016,None,The update operation completed.
Information,2026-05-16 04:01:00,Service Control Manager,7031,None,The operation completed successfully.
Information,2026-05-16 04:20:00,Microsoft-Windows-Security-Auditing,4624,None,A user session was started.
Information,2026-05-16 04:41:00,Microsoft-Windows-DistributedCOM,10010,None,A user session was started.
Information,2026-05-16 04:52:00,Microsoft-Windows-DistributedCOM,10016,None,A Windows service changed state.
Critical,2026-05-16 05:14:00,Microsoft-Windows-WindowsUpdateClient,43,None,The system rebooted without cleanly shutting down first.
Information,2026-05-16 05:18:00,Microsoft-Windows-DistributedCOM,10010,None,The operation completed successfully.
Information,2026-05-16 05:24:00,Microsoft-Windows-Security-Auditing,4624,None,The operation completed successfully.
Information,2026-05-16 05:35:00,Microsoft-Windows-DistributedCOM,10010,None,The operation completed successfully.
Warning,2026-05-16 06:22:00,Service Control Manager,7040,None,A service took longer than expected to respond.
Warning,2026-05-16 06:58:00,Microsoft-Windows-DistributedCOM,10016,None,A service took longer than expected to respond.
Information,2026-05-16 07:19:00,Microsoft-Windows-DriverFrameworks-UserMode,10110,None,The update operation completed.
Information,2026-05-16 07:32:00,Microsoft-Windows-DistributedCOM,10010,None,The update operation completed.
Warning,2026-05-16 08:46:00,Service Control Manager,7000,None,A service took longer than expected to respond.
Information,2026-05-16 08:59:00,Microsoft-Windows-DistributedCOM,10010,None,A user session was started.
Warning,2026-05-16 09:19:00,Microsoft-Windows-DistributedCOM,10016,None,A device reported a recoverable condition.
Information,2026-05-16 09:47:00,Microsoft-Windows-DistributedCOM,10016,None,A user session was started.
Warning,2026-05-16 10:14:00,Microsoft-Windows-DistributedCOM,10010,None,A device reported a recoverable condition.
Information,2026-05-16 10:38:00,Microsoft-Windows-DistributedCOM,10010,None,A user session was started.
Information,2026-05-16 11:02:00,Microsoft-Windows-DistributedCOM,10010,None,The operation completed successfully.
Warning,2026-05-16 11:25:00,Microsoft-Windows-DistributedCOM,10010,None,A device reported a recoverable condition.
Information,2026-05-16 11:39:00,Microsoft-Windows-Security-Auditing,4624,None,A Windows service changed state.
Information,2026-05-16 11:59:00,Microsoft-Windows-Security-Auditing,4624,None,A Windows service changed state.
Information,2026-05-16 12:07:00,Winlogon,6005,None,A Windows service changed state.
Information,2026-05-16 12:09:00,Microsoft-Windows-Kernel-Power,41,None,A Windows service changed state.
Information,2026-05-16 12:40:00,Microsoft-Windows-DistributedCOM,10016,None,The operation completed successfully.
Critical,2026-05-16 13:14:00,Microsoft-Windows-Kernel-Power,109,None,The system rebooted without cleanly shutting down first.
Information,2026-05-16 13:58:00,Microsoft-Windows-Security-Auditing,4624,None,The update operation completed.
Information,2026-05-16 15:21:00,Microsoft-Windows-DriverFrameworks-UserMode,10111,None,A user session was started.
Warning,2026-05-16 15:55:00,Microsoft-Windows-DistributedCOM,10010,None,The application-specific permission settings do not grant Local Activation permission.
Warning,2026-05-16 16:50:00,Microsoft-Windows-Kernel-Power,109,None,A device reported a recoverable condition.
Warning,2026-05-16 17:02:00,Service Control Manager,7040,None,The application-specific permission settings do not grant Local Activation permission.
Error,2026-05-16 17:26:00,Microsoft-Windows-DistributedCOM,10010,None,A service terminated unexpectedly.
Information,2026-05-16 17:27:00,Microsoft-Windows-DistributedCOM,10016,None,A Windows service changed state.
Critical,2026-05-16 17:39:00,Application Error,1000,None,The system rebooted without cleanly shutting down first.
Error,2026-05-16 17:51:00,Microsoft-Windows-DistributedCOM,10016,None,An application stopped responding.
Warning,2026-05-16 17:53:00,Microsoft-Windows-DistributedCOM,10010,None,The application-specific permission settings do not grant Local Activation permission.
Information,2026-05-16 18:12:00,Service Control Manager,7001,None,A Windows service changed state.
Information,2026-05-16 18:28:00,Microsoft-Windows-DistributedCOM,10016,None,A Windows service changed state.
Information,2026-05-16 19:16:00,Microsoft-Windows-DistributedCOM,10016,None,The operation completed successfully.
Warning,2026-05-16 19:52:00,Microsoft-Windows-WindowsUpdateClient,43,None,The application-specific permission settings do not grant Local Activation permission.
Information,2026-05-16 20:51:00,Microsoft-Windows-WindowsUpdateClient,20,None,A user session was started.
Information,2026-05-16 21:00:00,Microsoft-Windows-DistributedCOM,10016,None,The operation completed successfully.
Information,2026-05-16 23:07:00,Microsoft-Windows-Security-Auditing,4624,None,The update operation completed.
Information,2026-05-16 23:12:00,Microsoft-Windows-DistributedCOM,10016,None,The update operation completed.
Information,2026-05-16 23:59:00,Microsoft-Windows-DriverFrameworks-UserMode,10111,None,A Windows service changed state.
Information,2026-05-17 00:04:00,Application Error,1000,None,A user session was started.
Information,2026-05-17 01:16:00,Microsoft-Windows-DistributedCOM,10010,None,The operation completed successfully.
Information,2026-05-17 01:41:00,Microsoft-Windows-DriverFrameworks-UserMode,10111,None,The operation completed successfully.
Information,2026-05-17 02:47:00,Microsoft-Windows-DistributedCOM,10010,None,The update operation completed.
Information,2026-05-17 03:59:00,Microsoft-Windows-Security-Auditing,4624,None,The operation completed successfully.
Warning,2026-05-17 04:24:00,Service Control Manager,7001,None,The application-specific permission settings do not grant Local Activation permission.
Warning,2026-05-17 04:28:00,Microsoft-Windows-WindowsUpdateClient,20,None,A device reported a recoverable condition.
Warning,2026-05-17 04:47:00,Microsoft-Windows-DistributedCOM,10016,None,A device reported a recoverable condition.
Information,2026-05-17 05:05:00,Microsoft-Windows-DistributedCOM,10010,None,A Windows service changed state.
Information,2026-05-17 05:28:00,Microsoft-Windows-DistributedCOM,10016,None,The update operation completed.
Warning,2026-05-17 06:04:00,Microsoft-Windows-DistributedCOM,10010,None,A device reported a recoverable condition.
Information,2026-05-17 06:11:00,Microsoft-Windows-DistributedCOM,10010,None,A Windows service changed state.
Information,2026-05-17 06:35:00,Microsoft-Windows-DistributedCOM,10016,None,The operation completed successfully.
Information,2026-05-17 07:24:00,Service Control Manager,7001,None,The update operation completed.
Information,2026-05-17 07:54:00,Service Control Manager,7040,None,A user session was started.
Warning,2026-05-17 08:35:00,Microsoft-Windows-DistributedCOM,10010,None,The application-specific permission settings do not grant Local Activation permission.
Information,2026-05-17 09:26:00,Microsoft-Windows-DistributedCOM,10010,None,A Windows service changed state.
Information,2026-05-17 09:55:00,Microsoft-Windows-DriverFrameworks-UserMode,10111,None,The operation completed successfully.
Error,2026-05-17 10:19:00,Microsoft-Windows-DistributedCOM,10010,None,An update could not be installed.
Information,2026-05-17 10:24:00,Application Error,1000,None,A Windows service changed state.
Information,2026-05-17 11:00:00,Microsoft-Windows-DistributedCOM,10010,None,The update operation completed.
Warning,2026-05-17 11:15:00,Microsoft-Windows-Kernel-Power,41,None,A service took longer than expected to respond.
Warning,2026-05-17 11:34:00,Microsoft-Windows-DistributedCOM,10016,None,A device reported a recoverable condition.
Warning,2026-05-17 12:33:00,Microsoft-Windows-DistributedCOM,10016,None,The application-specific permission settings do not grant Local Activation permission.
Information,2026-05-17 13:24:00,Microsoft-Windows-WindowsUpdateClient,20,None,A Windows service changed state.
Information,2026-05-17 13:25:00,Microsoft-Windows-Security-Auditing,4624,None,The operation completed successfully.
Information,2026-05-17 13:28:00,Microsoft-Windows-DistributedCOM,10016,None,A Windows service changed state.
Warning,2026-05-17 13:29:00,Microsoft-Windows-DistributedCOM,10016,None,A device reported a recoverable condition.
Error,2026-05-17 13:30:00,Microsoft-Windows-DistributedCOM,10016,None,An application stopped responding.
Warning,2026-05-17 13:43:00,Service Control Manager,7040,None,The application-specific permission settings do not grant Local Activation permission.
Warning,2026-05-17 14:24:00,Microsoft-Windows-Kernel-Power,109,None,The application-specific permission settings do not grant Local Activation permission.
Warning,2026-05-17 14:26:00,Microsoft-Windows-WindowsUpdateClient,31,None,The application-specific permission settings do not grant Local Activation permission.
Information,2026-05-17 14:30:00,Microsoft-Windows-DistributedCOM,10010,None,The update operation completed.
Information,2026-05-17 14:50:00,Microsoft-Windows-DistributedCOM,10016,None,The update operation completed.
Information,2026-05-17 15:00:00,Microsoft-Windows-DistributedCOM,10016,None,The update operation completed.
Information,2026-05-17 15:25:00,Service Control Manager,7031,None,A user session was started.
Information,2026-05-17 15:49:00,Microsoft-Windows-Security-Auditing,4624,None,A user session was started.
Information,2026-05-17 16:44:00,Microsoft-Windows-WindowsUpdateClient,20,None,The update operation completed.
Information,2026-05-17 17:33:00,Microsoft-Windows-WindowsUpdateClient,20,None,A user session was started.
Information,2026-05-17 17:56:00,Microsoft-Windows-DistributedCOM,10016,None,A Windows service changed state.
Information,2026-05-17 18:06:00,Microsoft-Windows-Security-Auditing,4624,None,A user session was started.
Warning,2026-05-17 18:20:00,Service Control Manager,7000,None,A service took longer than expected to respond.
Information,2026-05-17 19:13:00,Service Control Manager,7040,None,A Windows service changed state.
Information,2026-05-17 19:35:00,Service Control Manager,7031,None,The operation completed successfully.
Warning,2026-05-17 20:06:00,Microsoft-Windows-DriverFrameworks-UserMode,10111,None,The application-specific permission settings do not grant Local Activation permission.
Critical,2026-05-17 20:19:00,Service Control Manager,7031,None,The system rebooted without cleanly shutting down first.
Warning,2026-05-17 21:28:00,Microsoft-Windows-DistributedCOM,10016,None,The application-specific permission settings do not grant Local Activation permission.
Warning,2026-05-17 22:07:00,Microsoft-Windows-WindowsUpdateClient,31,None,The application-specific permission settings do not grant Local Activation permission.
Warning,2026-05-17 22:08:00,Microsoft-Windows-DistributedCOM,10016,None,A device reported a recoverable condition.
Information,2026-05-17 22:13:00,Microsoft-Windows-DistributedCOM,10010,None,A user session was started.
Error,2026-05-17 22:19:00,Service Control Manager,7040,None,A service terminated unexpectedly.
Information,2026-05-17 23:12:00,Service Control Manager,7040,None,A Windows service changed state.
Warning,2026-05-17 23:15:00,Microsoft-Windows-WindowsUpdateClient,20,None,A service took longer than expected to respond.
Information,2026-05-17 23:31:00,Microsoft-Windows-Kernel-Power,41,None,The update operation completed.
Information,2026-05-17 23:34:00,Microsoft-Windows-DistributedCOM,10010,None,The update operation completed.
Information,2026-05-18 00:23:00,Microsoft-Windows-Security-Auditing,4624,None,The update operation completed.
Warning,2026-05-18 02:13:00,Microsoft-Windows-WindowsUpdateClient,31,None,The application-specific permission settings do not grant Local Activation permission.
Warning,2026-05-18 02:14:00,Microsoft-Windows-DistributedCOM,10010,None,The application-specific permission settings do not grant Local Activation permission.
Information,2026-05-18 02:14:00,Service Control Manager,7000,None,A user session was started.
Error,2026-05-18 02:37:00,Microsoft-Windows-DistributedCOM,10010,None,A service terminated unexpectedly.
Information,2026-05-18 02:42:00,Microsoft-Windows-Kernel-Power,41,None,The operation completed successfully.
Warning,2026-05-18 03:34:00,Microsoft-Windows-DistributedCOM,10016,None,A service took longer than expected to respond.
Information,2026-05-18 05:19:00,Microsoft-Windows-DistributedCOM,10016,None,A Windows service changed state.
Information,2026-05-18 05:39:00,Application Error,1001,None,A user session was started.
Information,2026-05-18 05:48:00,Service Control Manager,7040,None,A user session was started.
Information,2026-05-18 06:13:00,Service Control Manager,7001,None,The update operation completed.
Warning,2026-05-18 06:16:00,Microsoft-Windows-DistributedCOM,10010,None,A device reported a recoverable condition.
Warning,2026-05-18 07:15:00,Microsoft-Windows-DistributedCOM,10016,None,A device reported a recoverable condition.
Information,2026-05-18 07:26:00,Microsoft-Windows-DistributedCOM,10010,None,A Windows service changed state.
Information,2026-05-18 08:30:00,Microsoft-Windows-DistributedCOM,10010,None,The update operation completed.
Information,2026-05-18 08:35:00,Microsoft-Windows-WindowsUpdateClient,20,None,The update operation completed.
Information,2026-05-18 08:58:00,Microsoft-Windows-WindowsUpdateClient,43,None,A Windows service changed state.
Information,2026-05-18 09:01:00,Microsoft-Windows-DistributedCOM,10010,None,The operation completed successfully.
Warning,2026-05-18 09:07:00,Microsoft-Windows-DriverFrameworks-UserMode,10110,None,The application-specific permission settings do not grant Local Activation permission.
Information,2026-05-18 09:23:00,Microsoft-Windows-DistributedCOM,10010,None,A user session was started.
Information,2026-05-18 09:46:00,Microsoft-Windows-DriverFrameworks-UserMode,10110,None,A Windows service changed state.
Information,2026-05-18 09:53:00,Microsoft-Windows-WindowsUpdateClient,20,None,The update operation completed.
Information,2026-05-18 10:49:00,Microsoft-Windows-WindowsUpdateClient,31,None,A Windows service changed state.
Information,2026-05-18 10:53:00,Winlogon,6005,None,A user session was started.
Information,2026-05-18 10:58:00,Microsoft-Windows-WindowsUpdateClient,20,None,A Windows service changed state.
Information,2026-05-18 12:55:00,Microsoft-Windows-DistributedCOM,10016,None,A user session was started.
Information,2026-05-18 13:24:00,Service Control Manager,7031,None,A user session was started.
Information,2026-05-18 13:59:00,Service Control Manager,7031,None,A Windows service changed state.
Warning,2026-05-18 14:50:00,Service Control Manager,7000,None,The application-specific permission settings do not grant Local Activation permission.
Information,2026-05-18 15:47:00,Application Error,1001,None,The update operation completed.
Information,2026-05-18 15:49:00,Application Error,1000,None,A user session was started.
Information,2026-05-18 16:41:00,Winlogon,6005,None,The update operation completed.
Information,2026-05-18 16:49:00,Microsoft-Windows-Security-Auditing,4624,None,A user session was started.
Warning,2026-05-18 18:20:00,Microsoft-Windows-WindowsUpdateClient,19,None,A device reported a recoverable condition.
Error,2026-05-18 18:36:00,Microsoft-Windows-DistributedCOM,10016,None,A user logon attempt failed.
Information,2026-05-18 18:50:00,Microsoft-Windows-DistributedCOM,10010,None,A user session was started.
Information,2026-05-18 20:12:00,Microsoft-Windows-DistributedCOM,10016,None,The update operation completed.
Information,2026-05-18 20:47:00,Service Control Manager,7040,None,A Windows service changed state.
Information,2026-05-18 21:02:00,Service Control Manager,7000,None,The update operation completed.
Information,2026-05-18 21:21:00,Microsoft-Windows-DistributedCOM,10010,None,The update operation completed.
Information,2026-05-18 22:19:00,Application Error,1000,None,The update operation completed.
Information,2026-05-18 22:53:00,Application Error,1001,None,The update operation completed.
Information,2026-05-18 22:58:00,Microsoft-Windows-WindowsUpdateClient,20,None,A user session was started.
Information,2026-05-18 23:35:00,Microsoft-Windows-DistributedCOM,10010,None,A user session was started.
Warning,2026-05-19 00:07:00,Service Control Manager,7000,None,A device reported a recoverable condition.
Warning,2026-05-19 00:18:00,Service Control Manager,7001,None,A device reported a recoverable condition.
Warning,2026-05-19 00:42:00,Microsoft-Windows-Kernel-Power,41,None,A device reported a recoverable condition.
Information,2026-05-19 02:30:00,Microsoft-Windows-DistributedCOM,10016,None,The update operation completed.
Information,2026-05-19 03:07:00,Microsoft-Windows-Kernel-Power,109,None,The update operation completed.
Information,2026-05-19 03:53:00,Microsoft-Windows-DistributedCOM,10016,None,A user session was started.
Error,2026-05-19 04:06:00,Microsoft-Windows-Kernel-Power,109,None,A user logon attempt failed.
Information,2026-05-19 04:45:00,Service Control Manager,7031,None,The operation completed successfully.
Information,2026-05-19 05:22:00,Microsoft-Windows-DistributedCOM,10010,None,The operation completed successfully.
Information,2026-05-19 08:14:00,Microsoft-Windows-DistributedCOM,10010,None,The operation completed successfully.
Information,2026-05-19 09:04:00,Microsoft-Windows-DistributedCOM,10010,None,The operation completed successfully.
Information,2026-05-19 09:05:00,Microsoft-Windows-DistributedCOM,10010,None,A user session was started.
Information,2026-05-19 09:56:00,Service Control Manager,7000,None,The operation completed successfully.
Information,2026-05-19 11:24:00,Microsoft-Windows-Security-Auditing,4624,None,The update operation completed.
Information,2026-05-19 12:38:00,Microsoft-Windows-DistributedCOM,10010,None,A Windows service changed state.
Information,2026-05-19 13:27:00,Microsoft-Windows-DistributedCOM,10010,None,The update operation completed.
Warning,2026-05-19 14:05:00,Microsoft-Windows-DistributedCOM,10010,None,A service took longer than expected to respond.
Information,2026-05-19 16:11:00,Service Control Manager,7031,None,The update operation completed.
Information,2026-05-19 16:19:00,Service Control Manager,7031,None,The update operation completed.
Information,2026-05-19 16:28:00,Application Error,1001,None,The update operation completed.
Information,2026-05-19 16:52:00,Microsoft-Windows-WindowsUpdateClient,31,None,The update operation completed.
Critical,2026-05-19 17:10:00,Microsoft-Windows-DistributedCOM,10010,None,The system rebooted without cleanly shutting down first.
Warning,2026-05-19 17:40:00,Service Control Manager,7001,None,A device reported a recoverable condition.
Information,2026-05-19 17:43:00,Microsoft-Windows-Kernel-Power,109,None,The update operation completed.
Information,2026-05-19 17:44:00,Microsoft-Windows-DistributedCOM,10010,None,A user session was started.
Information,2026-05-19 17:47:00,Microsoft-Windows-DistributedCOM,10016,None,A Windows service changed state.
Information,2026-05-19 18:00:00,Microsoft-Windows-Security-Auditing,4624,None,The operation completed successfully.
Information,2026-05-19 18:04:00,Microsoft-Windows-DistributedCOM,10010,None,A Windows service changed state.
Information,2026-05-19 18:57:00,Microsoft-Windows-DistributedCOM,10010,None,A user session was started.
Warning,2026-05-19 19:20:00,Service Control Manager,7031,None,The application-specific permission settings do not grant Local Activation permission.
Information,2026-05-19 21:08:00,Microsoft-Windows-DistributedCOM,10010,None,The update operation completed.
Warning,2026-05-19 21:51:00,Microsoft-Windows-DistributedCOM,10016,None,A device reported a recoverable condition.
Information,2026-05-19 22:24:00,Microsoft-Windows-Security-Auditing,4624,None,A user session was started.
Information,2026-05-19 22:36:00,Microsoft-Windows-DistributedCOM,10016,None,The update operation completed.
Information,2026-05-19 22:39:00,Microsoft-Windows-Security-Auditing,4634,None,The operation completed successfully.
Information,2026-05-19 23:39:00,Microsoft-Windows-Security-Auditing,4624,None,A user session was started.
Information,2026-05-19 23:46:00,Microsoft-Windows-Security-Auditing,4624,None,The update operation completed.
Information,2026-05-20 00:04:00,Microsoft-Windows-Security-Auditing,4624,None,The update operation completed.
Error,2026-05-20 00:14:00,Microsoft-Windows-DriverFrameworks-UserMode,10111,None,An application stopped responding.
Information,2026-05-20 00:18:00,Microsoft-Windows-Security-Auditing,4624,None,A user session was started.
Warning,2026-05-20 02:11:00,Microsoft-Windows-Kernel-Power,109,None,The application-specific permission settings do not grant Local Activation permission.
Information,2026-05-20 02:12:00,Microsoft-Windows-Security-Auditing,4634,None,The operation completed successfully.
Information,2026-05-20 02:24:00,Microsoft-Windows-Security-Auditing,4624,None,A user session was started.
Information,2026-05-20 03:08:00,Microsoft-Windows-DistributedCOM,10010,None,The operation completed successfully.
Information,2026-05-20 03:18:00,Service Control Manager,7001,None,A user session was started.
Information,2026-05-20 03:31:00,Microsoft-Windows-Kernel-Power,41,None,A Windows service changed state.
Information,2026-05-20 03:45:00,Microsoft-Windows-Security-Auditing,4624,None,The operation completed successfully.
Information,2026-05-20 04:02:00,Winlogon,6005,None,A user session was started.
Warning,2026-05-20 04:28:00,Microsoft-Windows-DistributedCOM,10016,None,A service took longer than expected to respond.
Information,2026-05-20 04:47:00,Service Control Manager,7040,None,The operation completed successfully.
Warning,2026-05-20 05:19:00,Service Control Manager,7000,None,A service took longer than expected to respond.
Information,2026-05-20 05:22:00,Microsoft-Windows-DistributedCOM,10010,None,The update operation completed.
Information,2026-05-20 05:39:00,Service Control Manager,7040,None,A user session was started.
Information,2026-05-20 05:44:00,Microsoft-Windows-DistributedCOM,10010,None,The update operation completed.
Information,2026-05-20 05:49:00,Microsoft-Windows-Security-Auditing,4624,None,The operation completed successfully.
Information,2026-05-20 05:57:00,Microsoft-Windows-Security-Auditing,4624,None,The operation completed successfully.
Information,2026-05-20 06:06:00,Microsoft-Windows-Kernel-Power,41,None,The update operation completed.
Information,2026-05-20 06:08:00,Microsoft-Windows-WindowsUpdateClient,19,None,The operation completed successfully.
Error,2026-05-20 08:12:00,Microsoft-Windows-DistributedCOM,10010,None,A user logon attempt failed.
Information,2026-05-20 08:22:00,Service Control Manager,7031,None,A Windows service changed state.
Critical,2026-05-20 10:45:00,Microsoft-Windows-WindowsUpdateClient,31,None,The system rebooted without cleanly shutting down first.
Error,2026-05-20 12:52:00,Microsoft-Windows-DriverFrameworks-UserMode,10111,None,A user logon attempt failed.
Information,2026-05-20 13:50:00,Microsoft-Windows-Kernel-Power,41,None,A user session was started.
Information,2026-05-20 13:57:00,Microsoft-Windows-DriverFrameworks-UserMode,10111,None,A user session was started.
Information,2026-05-20 15:27:00,Service Control Manager,7001,None,A Windows service changed state.
Warning,2026-05-20 16:35:00,Service Control Manager,7000,None,A service took longer than expected to respond.
Information,2026-05-20 16:43:00,Microsoft-Windows-WindowsUpdateClient,19,None,A user session was started.
Warning,2026-05-20 18:03:00,Service Control Manager,7000,None,The application-specific permission settings do not grant Local Activation permission.
Information,2026-05-20 18:26:00,Microsoft-Windows-DistributedCOM,10010,None,A user session was started.
Warning,2026-05-20 19:20:00,Winlogon,6006,None,A service took longer than expected to respond.
Information,2026-05-20 19:24:00,Service Control Manager,7040,None,The update operation completed.
Error,2026-05-20 20:32:00,Microsoft-Windows-DistributedCOM,10010,None,A service terminated unexpectedly.
Information,2026-05-20 20:34:00,Microsoft-Windows-WindowsUpdateClient,31,None,A user session was started.
Warning,2026-05-20 20:40:00,Winlogon,6006,None,The application-specific permission settings do not grant Local Activation permission.
Information,2026-05-20 21:13:00,Service Control Manager,7001,None,A Windows service changed state.
Information,2026-05-20 22:55:00,Microsoft-Windows-Kernel-Power,41,None,A user session was started.
Information,2026-05-20 22:55:00,Microsoft-Windows-DistributedCOM,10016,None,The update operation completed.
Warning,2026-05-20 23:08:00,Microsoft-Windows-DistributedCOM,10016,None,A device reported a recoverable condition.
Warning,2026-05-20 23:50:00,Service Control Manager,7000,None,The application-specific permission settings do not grant Local Activation permission.
Information,2026-05-21 01:14:00,Microsoft-Windows-DistributedCOM,10010,None,A Windows service changed state.
Information,2026-05-21 01:34:00,Microsoft-Windows-WindowsUpdateClient,43,None,A user session was started.
Information,2026-05-21 01:34:00,Application Error,1000,None,A Windows service changed state.
Warning,2026-05-21 01:43:00,Microsoft-Windows-DistributedCOM,10010,None,A service took longer than expected to respond.
Information,2026-05-21 01:47:00,Microsoft-Windows-WindowsUpdateClient,31,None,A user session was started.
Error,2026-05-21 02:31:00,Application Error,1000,None,An update could not be installed.
Information,2026-05-21 03:42:00,Microsoft-Windows-WindowsUpdateClient,20,None,A Windows service changed state.
Information,2026-05-21 04:04:00,Microsoft-Windows-Security-Auditing,4624,None,A user session was started.
Information,2026-05-21 04:09:00,Microsoft-Windows-WindowsUpdateClient,19,None,A user session was started.
Information,2026-05-21 05:25:00,Microsoft-Windows-DistributedCOM,10016,None,A Windows service changed state.
Warning,2026-05-21 05:37:00,Microsoft-Windows-WindowsUpdateClient,20,None,A device reported a recoverable condition.
Warning,2026-05-21 06:30:00,Microsoft-Windows-DistributedCOM,10016,None,The application-specific permission settings do not grant Local Activation permission.
Information,2026-05-21 07:47:00,Microsoft-Windows-WindowsUpdateClient,19,None,A Windows service changed state.
Error,2026-05-21 08:26:00,Microsoft-Windows-DistributedCOM,10016,None,An update could not be installed.
Information,2026-05-21 08:59:00,Microsoft-Windows-WindowsUpdateClient,43,None,A user session was started.
Error,2026-05-21 09:47:00,Microsoft-Windows-DistributedCOM,10010,None,A user logon attempt failed.
Information,2026-05-21 11:12:00,Microsoft-Windows-WindowsUpdateClient,19,None,The update operation completed.
Error,2026-05-21 11:21:00,Microsoft-Windows-DistributedCOM,10010,None,An update could not be installed.
Error,2026-05-21 12:09:00,Service Control Manager,7031,None,A user logon attempt failed.
Information,2026-05-21 12:25:00,Microsoft-Windows-DistributedCOM,10010,None,The update operation completed.
Information,2026-05-21 12:31:00,Microsoft-Windows-Security-Auditing,4634,None,A user session was started.
Information,2026-05-21 12:57:00,Microsoft-Windows-DistributedCOM,10016,None,The update operation completed.
Error,2026-05-21 13:40:00,Microsoft-Windows-DistributedCOM,10016,None,A user logon attempt failed.
Warning,2026-05-21 13:44:00,Microsoft-Windows-WindowsUpdateClient,19,None,The application-specific permission settings do not grant Local Activation permission.
Warning,2026-05-21 15:32:00,Microsoft-Windows-DistributedCOM,10010,None,The application-specific permission settings do not grant Local Activation permission.
Warning,2026-05-21 16:06:00,Winlogon,6006,None,A service took longer than expected to respond.
Warning,2026-05-21 16:53:00,Microsoft-Windows-WindowsUpdateClient,20,None,A service took longer than expected to respond.
Warning,2026-05-21 17:19:00,Microsoft-Windows-DistributedCOM,10016,None,The application-specific permission settings do not grant Local Activation permission.
Error,2026-05-21 17:48:00,Microsoft-Windows-DistributedCOM,10010,None,A user logon attempt failed.
Error,2026-05-21 18:08:00,Microsoft-Windows-DistributedCOM,10010,None,An update could not be installed.
Error,2026-05-21 18:10:00,Microsoft-Windows-Kernel-Power,109,None,An application stopped responding.
Information,2026-05-21 18:57:00,Application Error,1000,None,The update operation completed.
Information,2026-05-21 19:17:00,Microsoft-Windows-DistributedCOM,10010,None,The update operation completed.
Information,2026-05-21 19:36:00,Microsoft-Windows-Security-Auditing,4624,None,A Windows service changed state.
Information,2026-05-21 19:40:00,Microsoft-Windows-DistributedCOM,10016,None,The operation completed successfully.
Warning,2026-05-21 19:55:00,Application Error,1000,None,A device reported a recoverable condition.
Error,2026-05-21 19:58:00,Microsoft-Windows-DistributedCOM,10016,None,A service terminated unexpectedly.
Information,2026-05-21 20:31:00,Microsoft-Windows-DriverFrameworks-UserMode,10111,None,A user session was started.
Warning,2026-05-21 20:48:00,Service Control Manager,7001,None,A device reported a recoverable condition.
Critical,2026-05-21 22:10:00,Winlogon,6005,None,The system rebooted without cleanly shutting down first.
Information,2026-05-21 22:44:00,Microsoft-Windows-DriverFrameworks-UserMode,10110,None,The update operation completed.
Information,2026-05-21 22:45:00,Microsoft-Windows-Security-Auditing,4624,None,The update operation completed.
Warning,2026-05-21 23:37:00,Microsoft-Windows-DistributedCOM,10016,None,A service took longer than expected to respond.
Warning,2026-05-22 00:42:00,Service Control Manager,7040,None,A device reported a recoverable condition.
Warning,2026-05-22 00:44:00,Microsoft-Windows-WindowsUpdateClient,31,None,A service took longer than expected to respond.
Warning,2026-05-22 00:48:00,Microsoft-Windows-DistributedCOM,10010,None,A service took longer than expected to respond.
Warning,2026-05-22 02:06:00,Microsoft-Windows-DriverFrameworks-UserMode,10111,None,The application-specific permission settings do not grant Local Activation permission.
Warning,2026-05-22 02:23:00,Microsoft-Windows-WindowsUpdateClient,19,None,A device reported a recoverable condition.
Information,2026-05-22 02:24:00,Microsoft-Windows-DistributedCOM,10016,None,A Windows service changed state.
Information,2026-05-22 02:41:00,Service Control Manager,7001,None,A Windows service changed state.
Information,2026-05-22 03:05:00,Microsoft-Windows-WindowsUpdateClient,19,None,The update operation completed.
Information,2026-05-22 04:36:00,Service Control Manager,7040,None,A user session was started.
Information,2026-05-22 04:53:00,Microsoft-Windows-WindowsUpdateClient,19,None,A Windows service changed state.
Information,2026-05-22 05:06:00,Microsoft-Windows-Security-Auditing,4634,None,The operation completed successfully.
Information,2026-05-22 06:30:00,Microsoft-Windows-Security-Auditing,4624,None,The update operation completed.
Warning,2026-05-22 07:59:00,Microsoft-Windows-WindowsUpdateClient,20,None,A device reported a recoverable condition.
Information,2026-05-22 08:06:00,Microsoft-Windows-DistributedCOM,10016,None,A user session was started.
Warning,2026-05-22 08:17:00,Microsoft-Windows-DistributedCOM,10010,None,A service took longer than expected to respond.
Information,2026-05-22 08:42:00,Microsoft-Windows-WindowsUpdateClient,19,None,The update operation completed.
Information,2026-05-22 09:22:00,Microsoft-Windows-Security-Auditing,4624,None,The operation completed successfully.
Information,2026-05-22 10:57:00,Microsoft-Windows-DriverFrameworks-UserMode,10110,None,The update operation completed.
Warning,2026-05-22 11:01:00,Microsoft-Windows-DistributedCOM,10010,None,A device reported a recoverable condition.
Information,2026-05-22 11:26:00,Microsoft-Windows-Security-Auditing,4634,None,A Windows service changed state.
Information,2026-05-22 12:16:00,Microsoft-Windows-DistributedCOM,10010,None,A Windows service changed state.
Information,2026-05-22 12:27:00,Microsoft-Windows-DriverFrameworks-UserMode,10111,None,A Windows service changed state.
Information,2026-05-22 12:43:00,Microsoft-Windows-DistributedCOM,10016,None,The update operation completed.
Warning,2026-05-22 12:52:00,Microsoft-Windows-WindowsUpdateClient,20,None,A device reported a recoverable condition.
Warning,2026-05-22 13:43:00,Microsoft-Windows-DistributedCOM,10016,None,A device reported a recoverable condition.
Information,2026-05-22 13:59:00,Microsoft-Windows-DriverFrameworks-UserMode,10110,None,A Windows service changed state.
Information,2026-05-22 14:01:00,Microsoft-Windows-DistributedCOM,10016,None,The operation completed successfully.
Warning,2026-05-22 15:02:00,Microsoft-Windows-DistributedCOM,10010,None,A service took longer than expected to respond.
Information,2026-05-22 15:12:00,Microsoft-Windows-DistributedCOM,10016,None,A Windows service changed state.
Information,2026-05-22 15:27:00,Microsoft-Windows-WindowsUpdateClient,19,None,A Windows service changed state.
Warning,2026-05-22 15:31:00,Microsoft-Windows-DistributedCOM,10016,None,A service took longer than expected to respond.
Information,2026-05-22 16:00:00,Microsoft-Windows-Kernel-Power,109,None,The operation completed successfully.
Warning,2026-05-22 17:08:00,Microsoft-Windows-DistributedCOM,10016,None,The application-specific permission settings do not grant Local Activation permission.
Warning,2026-05-22 17:23:00,Microsoft-Windows-WindowsUpdateClient,20,None,A service took longer than expected to respond.
Information,2026-05-22 18:00:00,Microsoft-Windows-Security-Auditing,4624,None,A Windows service changed state.
Information,2026-05-22 18:34:00,Microsoft-Windows-Kernel-Power,41,None,The operation completed successfully.
Information,2026-05-22 18:49:00,Service Control Manager,7001,None,A Windows service changed state.
Warning,2026-05-22 19:27:00,Microsoft-Windows-DriverFrameworks-UserMode,10111,None,The application-specific permission settings do not grant Local Activation permission.
Error,2026-05-22 19:54:00,Microsoft-Windows-Kernel-Power,41,None,A user logon attempt failed.
Information,2026-05-22 19:56:00,Service Control Manager,7031,None,The update operation completed.
Information,2026-05-22 20:37:00,Microsoft-Windows-DistributedCOM,10016,None,A Windows service changed state.
Information,2026-05-22 21:03:00,Microsoft-Windows-WindowsUpdateClient,31,None,The update operation completed.
Information,2026-05-22 21:22:00,Application Error,1000,None,The operation completed successfully.
Information,2026-05-22 21:27:00,Microsoft-Windows-Security-Auditing,4634,None,The update operation completed.
Information,2026-05-22 21:43:00,Microsoft-Windows-DriverFrameworks-UserMode,10111,None,The operation completed successfully.
Information,2026-05-22 21:52:00,Application Error,1001,None,The operation completed successfully.
Information,2026-05-23 00:26:00,Microsoft-Windows-DistributedCOM,10016,None,A Windows service changed state.
Information,2026-05-23 00:31:00,Microsoft-Windows-Security-Auditing,4624,None,The update operation completed.
Information,2026-05-23 00:47:00,Service Control Manager,7001,None,The operation completed successfully.
Information,2026-05-23 00:50:00,Service Control Manager,7000,None,The update operation completed.
Error,2026-05-23 04:04:00,Microsoft-Windows-DistributedCOM,10016,None,A service terminated unexpectedly.
Information,2026-05-23 04:13:00,Microsoft-Windows-DriverFrameworks-UserMode,10111,None,The operation completed successfully.
Information,2026-05-23 04:48:00,Microsoft-Windows-DistributedCOM,10016,None,The operation completed successfully.
Information,2026-05-23 04:49:00,Microsoft-Windows-DistributedCOM,10016,None,A user session was started.
Information,2026-05-23 05:05:00,Microsoft-Windows-WindowsUpdateClient,43,None,A Windows service changed state.
Information,2026-05-23 05:10:00,Microsoft-Windows-DriverFrameworks-UserMode,10111,None,The operation completed successfully.
Warning,2026-05-23 06:41:00,Service Control Manager,7040,None,The application-specific permission settings do not grant Local Activation permission.
Warning,2026-05-23 08:08:00,Microsoft-Windows-WindowsUpdateClient,20,None,A service took longer than expected to respond.
Warning,2026-05-23 08:16:00,Microsoft-Windows-DistributedCOM,10010,None,A device reported a recoverable condition.
Information,2026-05-23 08:36:00,Service Control Manager,7000,None,The operation completed successfully.
Error,2026-05-23 08:58:00,Service Control Manager,7000,None,A service terminated unexpectedly.
Information,2026-05-23 09:45:00,Winlogon,6005,None,A user session was started.
Information,2026-05-23 11:07:00,Microsoft-Windows-DistributedCOM,10016,None,A Windows service changed state.
Information,2026-05-23 12:00:00,Microsoft-Windows-DistributedCOM,10010,None,The update operation completed.
Information,2026-05-23 14:10:00,Winlogon,6006,None,The operation completed successfully.
Information,2026-05-23 14:50:00,Microsoft-Windows-DistributedCOM,10010,None,The operation completed successfully.
Warning,2026-05-23 15:15:00,Microsoft-Windows-DistributedCOM,10016,None,A service took longer than expected to respond.
Information,2026-05-23 16:16:00,Service Control Manager,7031,None,The update operation completed.
Information,2026-05-23 16:21:00,Microsoft-Windows-Security-Auditing,4624,None,The update operation completed.
Information,2026-05-23 16:30:00,Microsoft-Windows-DistributedCOM,10016,None,The operation completed successfully.
Error,2026-05-23 16:41:00,Microsoft-Windows-DistributedCOM,10016,None,A service terminated unexpectedly.
Information,2026-05-23 17:13:00,Service Control Manager,7001,None,The update operation completed.
Information,2026-05-23 17:22:00,Microsoft-Windows-Kernel-Power,109,None,The update operation completed.
Error,2026-05-23 17:25:00,Microsoft-Windows-Kernel-Power,41,None,An update could not be installed.
Information,2026-05-23 19:06:00,Service Control Manager,7000,None,A user session was started.
Warning,2026-05-23 19:08:00,Microsoft-Windows-WindowsUpdateClient,19,None,A device reported a recoverable condition.
Information,2026-05-23 19:42:00,Microsoft-Windows-Security-Auditing,4624,None,A Windows service changed state.
Critical,2026-05-23 20:30:00,Service Control Manager,7000,None,The system rebooted without cleanly shutting down first.
Warning,2026-05-23 21:23:00,Microsoft-Windows-DistributedCOM,10016,None,A service took longer than expected to respond.
Information,2026-05-23 22:44:00,Microsoft-Windows-DriverFrameworks-UserMode,10110,None,A user session was started.
Information,2026-05-23 23:12:00,Service Control Manager,7040,None,A user session was started.
Warning,2026-05-23 23:22:00,Microsoft-Windows-WindowsUpdateClient,20,None,The application-specific permission settings do not grant Local Activation permission.
Information,2026-05-24 00:09:00,Microsoft-Windows-DistributedCOM,10010,None,A user session was started.
Information,2026-05-24 01:02:00,Microsoft-Windows-WindowsUpdateClient,20,None,The operation completed successfully.
Information,2026-05-24 01:21:00,Microsoft-Windows-Security-Auditing,4624,None,A Windows service changed state.
Warning,2026-05-24 01:29:00,Microsoft-Windows-Kernel-Power,41,None,A service took longer than expected to respond.
Error,2026-05-24 02:21:00,Application Error,1001,None,An update could not be installed.
Information,2026-05-24 03:54:00,Service Control Manager,7001,None,A Windows service changed state.
Information,2026-05-24 03:56:00,Microsoft-Windows-WindowsUpdateClient,43,None,A user session was started.
Warning,2026-05-24 04:27:00,Microsoft-Windows-DistributedCOM,10010,None,A service took longer than expected to respond.
Warning,2026-05-24 04:28:00,Microsoft-Windows-DistributedCOM,10010,None,The application-specific permission settings do not grant Local Activation permission.
Information,2026-05-24 06:02:00,Microsoft-Windows-WindowsUpdateClient,19,None,A user session was started.
Warning,2026-05-24 07:41:00,Microsoft-Windows-DistributedCOM,10010,None,The application-specific permission settings do not grant Local Activation permission.
Information,2026-05-24 07:50:00,Service Control Manager,7040,None,The operation completed successfully.
Information,2026-05-24 08:09:00,Service Control Manager,7031,None,A user session was started.
Warning,2026-05-24 08:48:00,Microsoft-Windows-DistributedCOM,10016,None,A device reported a recoverable condition.
Error,2026-05-24 08:49:00,Microsoft-Windows-DistributedCOM,10010,None,A service terminated unexpectedly.
Error,2026-05-24 08:56:00,Application Error,1001,None,A user logon attempt failed.
Warning,2026-05-24 10:06:00,Service Control Manager,7001,None,A service took longer than expected to respond.
Information,2026-05-24 10:31:00,Microsoft-Windows-Kernel-Power,41,None,A user session was started.
Error,2026-05-24 10:53:00,Microsoft-Windows-DriverFrameworks-UserMode,10111,None,A service terminated unexpectedly.
Information,2026-05-24 10:59:00,Service Control Manager,7031,None,The operation completed successfully.
Information,2026-05-24 11:27:00,Service Control Manager,7031,None,A user session was started.
Information,2026-05-24 11:28:00,Winlogon,6005,None,The update operation completed.
Error,2026-05-24 12:27:00,Application Error,1000,None,An application stopped responding.
Warning,2026-05-24 12:31:00,Microsoft-Windows-DistributedCOM,10010,None,A device reported a recoverable condition.
Information,2026-05-24 13:07:00,Microsoft-Windows-WindowsUpdateClient,20,None,The update operation completed.
Information,2026-05-24 13:14:00,Service Control Manager,7040,None,The operation completed successfully.
Information,2026-05-24 13:19:00,Microsoft-Windows-DistributedCOM,10016,None,A user session was started.
Warning,2026-05-24 13:23:00,Application Error,1000,None,A service took longer than expected to respond.
Information,2026-05-24 13:33:00,Service Control Manager,7040,None,A user session was started.
Warning,2026-05-24 14:15:00,Microsoft-Windows-DistributedCOM,10016,None,The application-specific permission settings do not grant Local Activation permission.
Warning,2026-05-24 14:17:00,Winlogon,6006,None,A service took longer than expected to respond.
Warning,2026-05-24 14:52:00,Service Control Manager,7000,None,A service took longer than expected to respond.
Information,2026-05-24 15:08:00,Microsoft-Windows-DriverFrameworks-UserMode,10111,None,The operation completed successfully.
Information,2026-05-24 16:01:00,Microsoft-Windows-Security-Auditing,4624,None,A Windows service changed state.
Information,2026-05-24 16:08:00,Microsoft-Windows-WindowsUpdateClient,19,None,A user session was started.
Information,2026-05-24 17:31:00,Microsoft-Windows-DistributedCOM,10016,None,The operation completed successfully.
Information,2026-05-24 18:07:00,Service Control Manager,7000,None,The update operation completed.
Information,2026-05-24 18:23:00,Microsoft-Windows-DistributedCOM,10016,None,The update operation completed.
Error,2026-05-24 18:32:00,Service Control Manager,7031,None,A user logon attempt failed.
Warning,2026-05-24 19:04:00,Microsoft-Windows-Kernel-Power,41,None,A device reported a recoverable condition.
Information,2026-05-24 19:07:00,Microsoft-Windows-DistributedCOM,10016,None,A user session was started.
Information,2026-05-24 20:54:00,Service Control Manager,7031,None,A Windows service changed state.
Information,2026-05-24 21:44:00,Microsoft-Windows-DriverFrameworks-UserMode,10111,None,A user session was started.
Warning,2026-05-24 21:48:00,Application Error,1001,None,A device reported a recoverable condition.
Warning,2026-05-24 22:21:00,Service Control Manager,7000,None,A device reported a recoverable condition.
Information,2026-05-24 23:40:00,Service Control Manager,7001,None,The update operation completed.
Warning,2026-05-25 00:19:00,Microsoft-Windows-DistributedCOM,10010,None,A device reported a recoverable condition.
Information,2026-05-25 00:47:00,Microsoft-Windows-Security-Auditing,4634,None,A user session was started.
Information,2026-05-25 00:51:00,Microsoft-Windows-DistributedCOM,10016,None,A user session was started.
Warning,2026-05-25 01:05:00,Service Control Manager,7000,None,A service took longer than expected to respond.
Warning,2026-05-25 01:25:00,Microsoft-Windows-DistributedCOM,10016,None,A service took longer than expected to respond.
Warning,2026-05-25 01:58:00,Microsoft-Windows-DriverFrameworks-UserMode,10110,None,A device reported a recoverable condition.
Information,2026-05-25 02:39:00,Winlogon,6006,None,A Windows service changed state.
Information,2026-05-25 02:50:00,Microsoft-Windows-DriverFrameworks-UserMode,10110,None,The operation completed successfully.
Error,2026-05-25 03:04:00,Microsoft-Windows-WindowsUpdateClient,19,None,An application stopped responding.
Warning,2026-05-25 03:46:00,Microsoft-Windows-WindowsUpdateClient,43,None,The application-specific permission settings do not grant Local Activation permission.
Information,2026-05-25 04:45:00,Microsoft-Windows-WindowsUpdateClient,19,None,The update operation completed.
Warning,2026-05-25 05:28:00,Microsoft-Windows-Security-Auditing,4625,None,A device reported a recoverable condition.
Information,2026-05-25 06:21:00,Winlogon,6006,None,The operation completed successfully.
Information,2026-05-25 07:01:00,Winlogon,6005,None,The operation completed successfully.
Information,2026-05-25 09:27:00,Service Control Manager,7031,None,The operation completed successfully.
Error,2026-05-25 09:43:00,Microsoft-Windows-DistributedCOM,10010,None,An update could not be installed.
Information,2026-05-25 09:44:00,Microsoft-Windows-WindowsUpdateClient,43,None,A user session was started.
Warning,2026-05-25 10:16:00,Microsoft-Windows-WindowsUpdateClient,43,None,The application-specific permission settings do not grant Local Activation permission.
Warning,2026-05-25 10:55:00,Microsoft-Windows-DistributedCOM,10010,None,The application-specific permission settings do not grant Local Activation permission.
Information,2026-05-25 11:52:00,Microsoft-Windows-DriverFrameworks-UserMode,10111,None,A Windows service changed state.
Information,2026-05-25 12:36:00,Microsoft-Windows-WindowsUpdateClient,31,None,The update operation completed.
Information,2026-05-25 12:55:00,Application Error,1000,None,A Windows service changed state.
Information,2026-05-25 13:44:00,Microsoft-Windows-Security-Auditing,4624,None,A user session was started.
Error,2026-05-25 13:49:00,Winlogon,6005,None,A user logon attempt failed.
Error,2026-05-25 13:51:00,Microsoft-Windows-DistributedCOM,10010,None,An application stopped responding.
Information,2026-05-25 13:56:00,Microsoft-Windows-WindowsUpdateClient,43,None,The update operation completed.
Information,2026-05-25 14:23:00,Microsoft-Windows-DistributedCOM,10016,None,A Windows service changed state.
Information,2026-05-25 14:46:00,Microsoft-Windows-Security-Auditing,4624,None,The operation completed successfully.
Information,2026-05-25 16:06:00,Microsoft-Windows-Security-Auditing,4634,None,The operation completed successfully.
Information,2026-05-25 19:00:00,Microsoft-Windows-DriverFrameworks-UserMode,10110,None,A user session was started.
Critical,2026-05-25 19:07:00,Microsoft-Windows-DistributedCOM,10010,None,The system rebooted without cleanly shutting down first.
Information,2026-05-25 20:22:00,Microsoft-Windows-WindowsUpdateClient,31,None,A Windows service changed state.
Information,2026-05-25 20:54:00,Service Control Manager,7000,None,The update operation completed.
Information,2026-05-25 21:47:00,Microsoft-Windows-DriverFrameworks-UserMode,10110,None,A user session was started.
Information,2026-05-25 23:01:00,Microsoft-Windows-DistributedCOM,10016,None,The update operation completed.
Warning,2026-05-25 23:34:00,Microsoft-Windows-DistributedCOM,10010,None,A device reported a recoverable condition.
Information,2026-05-25 23:44:00,Microsoft-Windows-Security-Auditing,4624,None,A Windows service changed state.
Error,2026-05-26 00:19:00,Microsoft-Windows-DistributedCOM,10016,None,A service terminated unexpectedly.
Information,2026-05-26 00:42:00,Microsoft-Windows-DriverFrameworks-UserMode,10111,None,The update operation completed.
Error,2026-05-26 00:47:00,Microsoft-Windows-WindowsUpdateClient,31,None,An application stopped responding.
Information,2026-05-26 01:14:00,Microsoft-Windows-DriverFrameworks-UserMode,10111,None,A user session was started.
Error,2026-05-26 02:02:00,Service Control Manager,7031,None,A service terminated unexpectedly.
Information,2026-05-26 02:21:00,Microsoft-Windows-Security-Auditing,4634,None,The update operation completed.
Error,2026-05-26 02:29:00,Microsoft-Windows-Kernel-Power,41,None,An update could not be installed.
Information,2026-05-26 03:20:00,Service Control Manager,7031,None,A user session was started.
Error,2026-05-26 03:52:00,Microsoft-Windows-DistributedCOM,10010,None,A user logon attempt failed.
Error,2026-05-26 04:03:00,Microsoft-Windows-WindowsUpdateClient,19,None,A service terminated unexpectedly.
Information,2026-05-26 04:10:00,Service Control Manager,7001,None,A user session was started.
Warning,2026-05-26 05:52:00,Microsoft-Windows-DistributedCOM,10010,None,The application-specific permission settings do not grant Local Activation permission.
Error,2026-05-26 06:00:00,Microsoft-Windows-DistributedCOM,10016,None,A user logon attempt failed.
Information,2026-05-26 06:01:00,Microsoft-Windows-DistributedCOM,10016,None,A user session was started.
Information,2026-05-26 06:12:00,Microsoft-Windows-Security-Auditing,4634,None,The update operation completed.
Information,2026-05-26 06:22:00,Service Control Manager,7000,None,A user session was started.
Information,2026-05-26 06:45:00,Microsoft-Windows-DistributedCOM,10016,None,The operation completed successfully.
Information,2026-05-26 07:26:00,Microsoft-Windows-Kernel-Power,41,None,A user session was started.
Warning,2026-05-26 07:31:00,Microsoft-Windows-DistributedCOM,10016,None,A device reported a recoverable condition.
Information,2026-05-26 07:57:00,Microsoft-Windows-DistributedCOM,10010,None,The operation completed successfully.
Information,2026-05-26 08:24:00,Microsoft-Windows-Security-Auditing,4624,None,The update operation completed.
Warning,2026-05-26 08:49:00,Microsoft-Windows-DistributedCOM,10016,None,A service took longer than expected to respond.
Error,2026-05-26 08:57:00,Microsoft-Windows-WindowsUpdateClient,19,None,An update could not be installed.
Information,2026-05-26 09:23:00,Service Control Manager,7040,None,The operation completed successfully.
Information,2026-05-26 09:54:00,Microsoft-Windows-WindowsUpdateClient,20,None,The update operation completed.
Warning,2026-05-26 10:17:00,Service Control Manager,7031,None,The application-specific permission settings do not grant Local Activation permission.
Information,2026-05-26 10:27:00,Microsoft-Windows-WindowsUpdateClient,19,None,A Windows service changed state.
Information,2026-05-26 11:08:00,Microsoft-Windows-Kernel-Power,109,None,A Windows service changed state.
Warning,2026-05-26 11:11:00,Microsoft-Windows-WindowsUpdateClient,43,None,The application-specific permission settings do not grant Local Activation permission.
Information,2026-05-26 11:19:00,Microsoft-Windows-DistributedCOM,10010,None,A Windows service changed state.
Information,2026-05-26 12:04:00,Microsoft-Windows-DistributedCOM,10010,None,A user session was started.
Information,2026-05-26 12:11:00,Microsoft-Windows-DistributedCOM,10016,None,The update operation completed.
Error,2026-05-26 12:25:00,Microsoft-Windows-WindowsUpdateClient,31,None,A user logon attempt failed.
Warning,2026-05-26 13:58:00,Winlogon,6006,None,A device reported a recoverable condition.
Information,2026-05-26 14:00:00,Microsoft-Windows-WindowsUpdateClient,31,None,A Windows service changed state.
Information,2026-05-26 15:04:00,Microsoft-Windows-DistributedCOM,10010,None,A Windows service changed state.
Critical,2026-05-26 15:05:00,Microsoft-Windows-Kernel-Power,109,None,A critical system component stopped unexpectedly.
Information,2026-05-26 15:54:00,Winlogon,6006,None,The operation completed successfully.
Warning,2026-05-26 15:59:00,Microsoft-Windows-DistributedCOM,10016,None,A device reported a recoverable condition.
Critical,2026-05-26 16:50:00,Winlogon,6005,None,The system rebooted without cleanly shutting down first.
Information,2026-05-26 17:19:00,Microsoft-Windows-DistributedCOM,10016,None,A Windows service changed state.
Information,2026-05-26 17:49:00,Microsoft-Windows-DistributedCOM,10016,None,The update operation completed.
Information,2026-05-26 19:19:00,Microsoft-Windows-Kernel-Power,109,None,A user session was started.
Information,2026-05-26 19:38:00,Service Control Manager,7001,None,A Windows service changed state.
Information,2026-05-26 20:19:00,Service Control Manager,7040,None,A Windows service changed state.
Information,2026-05-26 23:03:00,Microsoft-Windows-WindowsUpdateClient,43,None,The update operation completed.
Information,2026-05-26 23:26:00,Microsoft-Windows-DistributedCOM,10010,None,A Windows service changed state.
Information,2026-05-26 23:49:00,Microsoft-Windows-DistributedCOM,10016,None,The update operation completed.
Warning,2026-05-26 23:50:00,Microsoft-Windows-WindowsUpdateClient,20,None,The application-specific permission settings do not grant Local Activation permission.
Information,2026-05-26 23:56:00,Microsoft-Windows-DistributedCOM,10010,None,A user session was started.
Information,2026-05-27 00:02:00,Microsoft-Windows-DriverFrameworks-UserMode,10111,None,A Windows service changed state.
Information,2026-05-27 00:33:00,Service Control Manager,7040,None,A user session was started.
Warning,2026-05-27 00:39:00,Microsoft-Windows-Security-Auditing,4625,None,The application-specific permission settings do not grant Local Activation permission.
Information,2026-05-27 00:45:00,Microsoft-Windows-DistributedCOM,10010,None,The operation completed successfully.
Information,2026-05-27 00:54:00,Microsoft-Windows-DistributedCOM,10010,None,The operation completed successfully.
Warning,2026-05-27 01:02:00,Microsoft-Windows-Kernel-Power,41,None,A device reported a recoverable condition.
Information,2026-05-27 01:04:00,Application Error,1001,None,The update operation completed.
Information,2026-05-27 01:30:00,Microsoft-Windows-Kernel-Power,41,None,A Windows service changed state.
Information,2026-05-27 02:17:00,Microsoft-Windows-Kernel-Power,41,None,The update operation completed.
Information,2026-05-27 02:53:00,Winlogon,6006,None,A Windows service changed state.
Warning,2026-05-27 02:53:00,Microsoft-Windows-Kernel-Power,109,None,A device reported a recoverable condition.
Information,2026-05-27 03:26:00,Microsoft-Windows-DistributedCOM,10010,None,A user session was started.
Information,2026-05-27 03:32:00,Microsoft-Windows-DistributedCOM,10016,None,The update operation completed.
Error,2026-05-27 04:02:00,Microsoft-Windows-Kernel-Power,109,None,A user logon attempt failed.
Warning,2026-05-27 04:11:00,Microsoft-Windows-DistributedCOM,10010,None,A device reported a recoverable condition.
Error,2026-05-27 04:17:00,Microsoft-Windows-DistributedCOM,10016,None,An update could not be installed.
Information,2026-05-27 05:03:00,Microsoft-Windows-WindowsUpdateClient,43,None,The operation completed successfully.
Information,2026-05-27 05:04:00,Microsoft-Windows-DistributedCOM,10016,None,A user session was started.
Information,2026-05-27 06:00:00,Microsoft-Windows-WindowsUpdateClient,43,None,The update operation completed.
Warning,2026-05-27 06:03:00,Service Control Manager,7000,None,The application-specific permission settings do not grant Local Activation permission.
Warning,2026-05-27 06:14:00,Microsoft-Windows-DistributedCOM,10010,None,A device reported a recoverable condition.
Warning,2026-05-27 06:44:00,Microsoft-Windows-DriverFrameworks-UserMode,10110,None,The application-specific permission settings do not grant Local Activation permission.
Information,2026-05-27 06:55:00,Microsoft-Windows-WindowsUpdateClient,19,None,The update operation completed.
Information,2026-05-27 07:30:00,Microsoft-Windows-DistributedCOM,10010,None,The update operation completed.
Information,2026-05-27 08:09:00,Microsoft-Windows-DistributedCOM,10010,None,A Windows service changed state.
Information,2026-05-27 08:15:00,Microsoft-Windows-WindowsUpdateClient,19,None,A Windows service changed state.
Information,2026-05-27 08:36:00,Application Error,1001,None,The operation completed successfully.
Information,2026-05-27 10:05:00,Microsoft-Windows-DistributedCOM,10010,None,The update operation completed.
Information,2026-05-27 10:07:00,Service Control Manager,7000,None,The operation completed successfully.
Information,2026-05-27 10:19:00,Winlogon,6005,None,A user session was started.
Error,2026-05-27 10:19:00,Microsoft-Windows-DistributedCOM,10010,None,A service terminated unexpectedly.
Information,2026-05-27 11:26:00,Microsoft-Windows-WindowsUpdateClient,20,None,The operation completed successfully.
Warning,2026-05-27 13:43:00,Service Control Manager,7040,None,A service took longer than expected to respond.
Information,2026-05-27 14:14:00,Microsoft-Windows-DistributedCOM,10010,None,The update operation completed.
Warning,2026-05-27 14:15:00,Winlogon,6005,None,A device reported a recoverable condition.
Information,2026-05-27 14:59:00,Service Control Manager,7001,None,A user session was started.
Information,2026-05-27 15:16:00,Microsoft-Windows-Security-Auditing,4624,None,The update operation completed.
Information,2026-05-27 15:32:00,Service Control Manager,7001,None,The update operation completed.
Information,2026-05-27 16:00:00,Microsoft-Windows-DistributedCOM,10010,None,The update operation completed.
Information,2026-05-27 16:38:00,Microsoft-Windows-DistributedCOM,10010,None,The update operation completed.
Information,2026-05-27 16:51:00,Microsoft-Windows-DistributedCOM,10016,None,The operation completed successfully.
Information,2026-05-27 17:42:00,Winlogon,6006,None,A Windows service changed state.
Warning,2026-05-27 18:13:00,Winlogon,6005,None,The application-specific permission settings do not grant Local Activation permission.
Warning,2026-05-27 18:23:00,Microsoft-Windows-DistributedCOM,10010,None,A service took longer than expected to respond.
Information,2026-05-27 18:25:00,Microsoft-Windows-DistributedCOM,10010,None,A Windows service changed state.
Information,2026-05-27 18:27:00,Winlogon,6006,None,The update operation completed.
Information,2026-05-27 20:13:00,Microsoft-Windows-Kernel-Power,41,None,A user session was started.
Warning,2026-05-27 21:24:00,Microsoft-Windows-Kernel-Power,109,None,The application-specific permission settings do not grant Local Activation permission.
Warning,2026-05-27 22:08:00,Microsoft-Windows-WindowsUpdateClient,43,None,A device reported a recoverable condition.
Information,2026-05-27 22:10:00,Microsoft-Windows-WindowsUpdateClient,19,None,A Windows service changed state.
Error,2026-05-27 22:11:00,Microsoft-Windows-DriverFrameworks-UserMode,10110,None,A service terminated unexpectedly.
Information,2026-05-27 22:44:00,Microsoft-Windows-WindowsUpdateClient,19,None,The operation completed successfully.
Information,2026-05-27 23:08:00,Microsoft-Windows-Security-Auditing,4624,None,The operation completed successfully.
Information,2026-05-27 23:23:00,Microsoft-Windows-DistributedCOM,10016,None,A Windows service changed state.
Information,2026-05-27 23:30:00,Microsoft-Windows-WindowsUpdateClient,19,None,A user session was started.
Error,2026-05-27 23:55:00,Microsoft-Windows-DistributedCOM,10010,None,An update could not be installed.
Information,2026-05-28 00:19:00,Service Control Manager,7031,None,A user session was started.
Information,2026-05-28 01:23:00,Microsoft-Windows-WindowsUpdateClient,19,None,The update operation completed.
Information,2026-05-28 01:53:00,Winlogon,6005,None,A user session was started.
Information,2026-05-28 02:02:00,Service Control Manager,7000,None,The update operation completed.
Error,2026-05-28 02:52:00,Microsoft-Windows-DistributedCOM,10010,None,An update could not be installed.
Information,2026-05-28 03:12:00,Microsoft-Windows-DistributedCOM,10016,None,A user session was started.
Information,2026-05-28 03:19:00,Microsoft-Windows-DistributedCOM,10016,None,The update operation completed.
Information,2026-05-28 03:30:00,Microsoft-Windows-WindowsUpdateClient,19,None,A Windows service changed state.
Warning,2026-05-28 03:53:00,Microsoft-Windows-Security-Auditing,4625,None,A device reported a recoverable condition.
Information,2026-05-28 04:37:00,Microsoft-Windows-Security-Auditing,4624,None,A user session was started.
Information,2026-05-28 04:46:00,Microsoft-Windows-DistributedCOM,10016,None,A Windows service changed state.
Information,2026-05-28 05:08:00,Microsoft-Windows-Security-Auditing,4634,None,The update operation completed.
Warning,2026-05-28 05:36:00,Microsoft-Windows-DistributedCOM,10010,None,A service took longer than expected to respond.
Information,2026-05-28 06:09:00,Microsoft-Windows-DistributedCOM,10010,None,The operation completed successfully.
Error,2026-05-28 06:49:00,Microsoft-Windows-DistributedCOM,10016,None,A user logon attempt failed.
Error,2026-05-28 06:53:00,Service Control Manager,7031,None,An update could not be installed.
Warning,2026-05-28 06:54:00,Microsoft-Windows-DistributedCOM,10016,None,A device reported a recoverable condition.
Warning,2026-05-28 07:13:00,Microsoft-Windows-DistributedCOM,10016,None,A device reported a recoverable condition.
Warning,2026-05-28 07:36:00,Service Control Manager,7031,None,A service took longer than expected to respond.
Information,2026-05-28 08:08:00,Microsoft-Windows-DistributedCOM,10010,None,The update operation completed.
Information,2026-05-28 09:22:00,Microsoft-Windows-WindowsUpdateClient,19,None,The operation completed successfully.
Information,2026-05-28 09:37:00,Microsoft-Windows-Security-Auditing,4624,None,The update operation completed.
Warning,2026-05-28 10:27:00,Application Error,1000,None,A device reported a recoverable condition.
Information,2026-05-28 11:16:00,Service Control Manager,7031,None,The operation completed successfully.
Information,2026-05-28 11:35:00,Microsoft-Windows-WindowsUpdateClient,20,None,The operation completed successfully.
Warning,2026-05-28 11:46:00,Microsoft-Windows-DistributedCOM,10010,None,The application-specific permission settings do not grant Local Activation permission.
Information,2026-05-28 12:12:00,Microsoft-Windows-DistributedCOM,10010,None,The operation completed successfully.
Information,2026-05-28 12:23:00,Microsoft-Windows-DistributedCOM,10016,None,The update operation completed.
Information,2026-05-28 12:23:00,Microsoft-Windows-Security-Auditing,4634,None,A user session was started.
Error,2026-05-28 13:32:00,Microsoft-Windows-DistributedCOM,10016,None,An application stopped responding.
Warning,2026-05-28 13:58:00,Application Error,1001,None,A service took longer than expected to respond.
Information,2026-05-28 14:01:00,Microsoft-Windows-DistributedCOM,10016,None,A user session was started.
Information,2026-05-28 15:09:00,Microsoft-Windows-DistributedCOM,10010,None,A Windows service changed state.
Information,2026-05-28 16:01:00,Microsoft-Windows-Kernel-Power,109,None,A user session was started.
Information,2026-05-28 16:46:00,Microsoft-Windows-WindowsUpdateClient,31,None,A Windows service changed state.
Warning,2026-05-28 17:26:00,Microsoft-Windows-DistributedCOM,10010,None,A device reported a recoverable condition.
Information,2026-05-28 17:50:00,Application Error,1000,None,The update operation completed.
Information,2026-05-28 18:22:00,Service Control Manager,7031,None,A Windows service changed state.
Error,2026-05-28 18:25:00,Microsoft-Windows-DistributedCOM,10010,None,An application stopped responding.
Information,2026-05-28 21:44:00,Microsoft-Windows-DistributedCOM,10016,None,The update operation completed.
Information,2026-05-28 21:54:00,Microsoft-Windows-DistributedCOM,10010,None,A user session was started.
Information,2026-05-28 22:30:00,Microsoft-Windows-DistributedCOM,10010,None,The operation completed successfully.
Warning,2026-05-28 22:56:00,Winlogon,6006,None,A service took longer than expected to respond.
Information,2026-05-29 00:09:00,Service Control Manager,7040,None,The operation completed successfully.
Information,2026-05-29 00:09:00,Microsoft-Windows-Security-Auditing,4624,None,A Windows service changed state.
Warning,2026-05-29 00:12:00,Microsoft-Windows-WindowsUpdateClient,20,None,The application-specific permission settings do not grant Local Activation permission.
Warning,2026-05-29 01:11:00,Service Control Manager,7001,None,A device reported a recoverable condition.
Warning,2026-05-29 02:34:00,Application Error,1001,None,A service took longer than expected to respond.
Information,2026-05-29 03:05:00,Microsoft-Windows-DistributedCOM,10010,None,A user session was started.
Information,2026-05-29 04:16:00,Microsoft-Windows-DistributedCOM,10016,None,A user session was started.
Information,2026-05-29 04:28:00,Microsoft-Windows-WindowsUpdateClient,31,None,A user session was started.
Error,2026-05-29 04:32:00,Microsoft-Windows-WindowsUpdateClient,20,None,An update could not be installed.
Information,2026-05-29 04:44:00,Microsoft-Windows-DistributedCOM,10016,None,A Windows service changed state.
Information,2026-05-29 05:10:00,Microsoft-Windows-WindowsUpdateClient,31,None,A Windows service changed state.
Warning,2026-05-29 07:21:00,Microsoft-Windows-DistributedCOM,10010,None,A service took longer than expected to respond.
Information,2026-05-29 07:46:00,Microsoft-Windows-DistributedCOM,10010,None,A user session was started.
Error,2026-05-29 08:01:00,Service Control Manager,7040,None,An update could not be installed.
Information,2026-05-29 08:25:00,Service Control Manager,7001,None,A user session was started.
Information,2026-05-29 09:01:00,Microsoft-Windows-DistributedCOM,10016,None,The operation completed successfully.
Warning,2026-05-29 09:05:00,Winlogon,6006,None,The application-specific permission settings do not grant Local Activation permission.
Warning,2026-05-29 09:19:00,Application Error,1001,None,A device reported a recoverable condition.
Warning,2026-05-29 10:34:00,Service Control Manager,7031,None,The application-specific permission settings do not grant Local Activation permission.
Information,2026-05-29 11:02:00,Microsoft-Windows-DistributedCOM,10016,None,A user session was started.
Information,2026-05-29 11:13:00,Microsoft-Windows-DistributedCOM,10016,None,A Windows service changed state.
Warning,2026-05-29 11:21:00,Microsoft-Windows-DriverFrameworks-UserMode,10111,None,A service took longer than expected to respond.
Information,2026-05-29 11:32:00,Microsoft-Windows-WindowsUpdateClient,31,None,A user session was started.
Warning,2026-05-29 11:46:00,Microsoft-Windows-Kernel-Power,41,None,A service took longer than expected to respond.
Information,2026-05-29 12:12:00,Microsoft-Windows-DistributedCOM,10010,None,A user session was started.
Information,2026-05-29 12:57:00,Microsoft-Windows-DistributedCOM,10010,None,A Windows service changed state.
Error,2026-05-29 13:39:00,Microsoft-Windows-DistributedCOM,10010,None,An application stopped responding.
Information,2026-05-29 14:06:00,Microsoft-Windows-WindowsUpdateClient,20,None,A Windows service changed state.
Warning,2026-05-29 14:40:00,Microsoft-Windows-DriverFrameworks-UserMode,10110,None,The application-specific permission settings do not grant Local Activation permission.
Warning,2026-05-29 14:55:00,Microsoft-Windows-DistributedCOM,10010,None,The application-specific permission settings do not grant Local Activation permission.
Information,2026-05-29 15:00:00,Microsoft-Windows-DistributedCOM,10016,None,The update operation completed.
Information,2026-05-29 15:05:00,Microsoft-Windows-DistributedCOM,10016,None,A user session was started.
Warning,2026-05-29 15:07:00,Winlogon,6006,None,A device reported a recoverable condition.
Information,2026-05-29 15:38:00,Microsoft-Windows-DriverFrameworks-UserMode,10111,None,The operation completed successfully.
Information,2026-05-29 16:08:00,Microsoft-Windows-DistributedCOM,10010,None,A user session was started.
Information,2026-05-29 17:02:00,Microsoft-Windows-WindowsUpdateClient,43,None,A user session was started.
Information,2026-05-29 17:08:00,Microsoft-Windows-WindowsUpdateClient,19,None,A Windows service changed state.
Information,2026-05-29 18:24:00,Microsoft-Windows-Security-Auditing,4624,None,The update operation completed.
Information,2026-05-29 18:25:00,Winlogon,6006,None,A Windows service changed state.
Error,2026-05-29 18:25:00,Microsoft-Windows-DistributedCOM,10016,None,A user logon attempt failed.
Information,2026-05-29 18:35:00,Microsoft-Windows-Kernel-Power,41,None,The operation completed successfully.
Critical,2026-05-29 18:46:00,Application Error,1001,None,The system rebooted without cleanly shutting down first.
Information,2026-05-29 19:03:00,Microsoft-Windows-DistributedCOM,10016,None,The operation completed successfully.
Information,2026-05-29 19:22:00,Application Error,1001,None,The update operation completed.
Warning,2026-05-29 19:27:00,Microsoft-Windows-DistributedCOM,10010,None,The application-specific permission settings do not grant Local Activation permission.
Warning,2026-05-29 20:41:00,Microsoft-Windows-DistributedCOM,10010,None,The application-specific permission settings do not grant Local Activation permission.
Information,2026-05-29 20:43:00,Service Control Manager,7031,None,The update operation completed.
Information,2026-05-29 20:56:00,Microsoft-Windows-DistributedCOM,10010,None,A Windows service changed state.
Information,2026-05-29 20:58:00,Microsoft-Windows-DistributedCOM,10016,None,A user session was started.
Information,2026-05-29 21:12:00,Microsoft-Windows-WindowsUpdateClient,20,None,The operation completed successfully.
Information,2026-05-29 21:26:00,Microsoft-Windows-Security-Auditing,4624,None,A Windows service changed state.
Error,2026-05-29 22:12:00,Microsoft-Windows-DistributedCOM,10010,None,A user logon attempt failed.
Critical,2026-05-29 22:15:00,Service Control Manager,7031,None,The system rebooted without cleanly shutting down first.
Warning,2026-05-29 22:22:00,Service Control Manager,7001,None,A service took longer than expected to respond.
Information,2026-05-29 22:28:00,Application Error,1000,None,The operation completed successfully.
Information,2026-05-29 23:30:00,Microsoft-Windows-DistributedCOM,10016,None,A user session was started.
Information,2026-05-29 23:35:00,Microsoft-Windows-DistributedCOM,10016,None,A user session was started.
Information,2026-05-29 23:38:00,Microsoft-Windows-WindowsUpdateClient,43,None,The operation completed successfully.
Information,2026-05-29 23:40:00,Microsoft-Windows-Security-Auditing,4624,None,A user session was started.
Information,2026-05-29 23:57:00,Microsoft-Windows-Security-Auditing,4624,None,The operation completed successfully.
Information,2026-05-30 00:20:00,Service Control Manager,7001,None,A Windows service changed state.
Information,2026-05-30 01:32:00,Microsoft-Windows-DistributedCOM,10016,None,The operation completed successfully.
Information,2026-05-30 01:34:00,Microsoft-Windows-Security-Auditing,4624,None,The update operation completed.
Information,2026-05-30 01:51:00,Microsoft-Windows-DistributedCOM,10010,None,The update operation completed.
Information,2026-05-30 03:08:00,Microsoft-Windows-WindowsUpdateClient,20,None,A user session was started.
Warning,2026-05-30 03:23:00,Microsoft-Windows-DistributedCOM,10010,None,A service took longer than expected to respond.
Information,2026-05-30 04:46:00,Service Control Manager,7031,None,A user session was started.
Information,2026-05-30 05:01:00,Application Error,1001,None,A user session was started.
Information,2026-05-30 05:38:00,Microsoft-Windows-DistributedCOM,10016,None,A user session was started.
Information,2026-05-30 05:44:00,Microsoft-Windows-WindowsUpdateClient,20,None,The update operation completed.
Warning,2026-05-30 05:51:00,Microsoft-Windows-DistributedCOM,10016,None,A device reported a recoverable condition.
Warning,2026-05-30 05:55:00,Application Error,1000,None,A service took longer than expected to respond.
Warning,2026-05-30 06:04:00,Microsoft-Windows-DistributedCOM,10010,None,A device reported a recoverable condition.
Information,2026-05-30 06:12:00,Microsoft-Windows-Kernel-Power,41,None,A user session was started.
Information,2026-05-30 06:13:00,Microsoft-Windows-DistributedCOM,10010,None,A user session was started.
Information,2026-05-30 06:40:00,Microsoft-Windows-DistributedCOM,10016,None,The update operation completed.
Information,2026-05-30 07:05:00,Microsoft-Windows-DriverFrameworks-UserMode,10110,None,A user session was started.
Warning,2026-05-30 07:21:00,Microsoft-Windows-DistributedCOM,10010,None,A device reported a recoverable condition.
Warning,2026-05-30 07:44:00,Service Control Manager,7000,None,The application-specific permission settings do not grant Local Activation permission.
Information,2026-05-30 07:51:00,Microsoft-Windows-Kernel-Power,41,None,The operation completed successfully.
Information,2026-05-30 08:42:00,Microsoft-Windows-DistributedCOM,10010,None,A Windows service changed state.
Error,2026-05-30 08:58:00,Microsoft-Windows-DistributedCOM,10016,None,A service terminated unexpectedly.
Information,2026-05-30 09:19:00,Microsoft-Windows-WindowsUpdateClient,43,None,A user session was started.
Error,2026-05-30 09:40:00,Microsoft-Windows-WindowsUpdateClient,20,None,An application stopped responding.
Warning,2026-05-30 10:20:00,Microsoft-Windows-DistributedCOM,10016,None,A device reported a recoverable condition.
Information,2026-05-30 10:26:00,Microsoft-Windows-Security-Auditing,4634,None,A Windows service changed state.
Warning,2026-05-30 10:36:00,Microsoft-Windows-DistributedCOM,10016,None,A service took longer than expected to respond.
Information,2026-05-30 11:06:00,Microsoft-Windows-DistributedCOM,10010,None,The operation completed successfully.
Information,2026-05-30 11:27:00,Service Control Manager,7001,None,The operation completed successfully.
Warning,2026-05-30 12:11:00,Microsoft-Windows-DistributedCOM,10016,None,The application-specific permission settings do not grant Local Activation permission.
Information,2026-05-30 12:29:00,Microsoft-Windows-DistributedCOM,10010,None,The operation completed successfully.
Warning,2026-05-30 12:45:00,Microsoft-Windows-DriverFrameworks-UserMode,10110,None,A service took longer than expected to respond.
Information,2026-05-30 12:54:00,Service Control Manager,7031,None,The operation completed successfully.
Warning,2026-05-30 13:02:00,Microsoft-Windows-DistributedCOM,10010,None,A device reported a recoverable condition.
Information,2026-05-30 13:05:00,Microsoft-Windows-DistributedCOM,10010,None,A user session was started.
Warning,2026-05-30 14:03:00,Microsoft-Windows-DistributedCOM,10016,None,A service took longer than expected to respond.
Information,2026-05-30 14:15:00,Microsoft-Windows-DistributedCOM,10016,None,A Windows service changed state.
Information,2026-05-30 14:54:00,Microsoft-Windows-WindowsUpdateClient,20,None,A user session was started.
Information,2026-05-30 15:10:00,Microsoft-Windows-WindowsUpdateClient,19,None,The operation completed successfully.
Error,2026-05-30 16:39:00,Microsoft-Windows-WindowsUpdateClient,20,None,An update could not be installed.
Warning,2026-05-30 16:57:00,Microsoft-Windows-DistributedCOM,10010,None,A device reported a recoverable condition.
Warning,2026-05-30 17:23:00,Service Control Manager,7031,None,A device reported a recoverable condition.
Information,2026-05-30 17:48:00,Microsoft-Windows-DriverFrameworks-UserMode,10111,None,The update operation completed.
Warning,2026-05-30 17:54:00,Service Control Manager,7040,None,A device reported a recoverable condition.
Information,2026-05-30 18:13:00,Microsoft-Windows-DistributedCOM,10010,None,The operation completed successfully.
Information,2026-05-30 18:33:00,Microsoft-Windows-Kernel-Power,41,None,The update operation completed.
Information,2026-05-30 19:46:00,Microsoft-Windows-DistributedCOM,10016,None,The operation completed successfully.
Information,2026-05-30 20:41:00,Microsoft-Windows-DistributedCOM,10016,None,The operation completed successfully.
Error,2026-05-30 21:03:00,Microsoft-Windows-WindowsUpdateClient,19,None,An update could not be installed.
Information,2026-05-30 21:25:00,Microsoft-Windows-Kernel-Power,109,None,A user session was started.
Error,2026-05-30 21:58:00,Microsoft-Windows-DistributedCOM,10010,None,An update could not be installed.
Warning,2026-05-30 23:42:00,Microsoft-Windows-DistributedCOM,10010,None,A service took longer than expected to respond.
Warning,2026-05-31 00:12:00,Microsoft-Windows-DistributedCOM,10016,None,The application-specific permission settings do not grant Local Activation permission.
Information,2026-05-31 00:23:00,Microsoft-Windows-Security-Auditing,4634,None,A user session was started.
Information,2026-05-31 00:46:00,Microsoft-Windows-WindowsUpdateClient,19,None,A Windows service changed state.
Error,2026-05-31 01:16:00,Microsoft-Windows-WindowsUpdateClient,43,None,A service terminated unexpectedly.
Error,2026-05-31 01:16:00,Microsoft-Windows-WindowsUpdateClient,43,None,An application stopped responding.
Information,2026-05-31 01:20:00,Microsoft-Windows-DriverFrameworks-UserMode,10110,None,A user session was started.
Error,2026-05-31 01:39:00,Application Error,1001,None,An application stopped responding.
Information,2026-05-31 01:39:00,Service Control Manager,7000,None,The update operation completed.
Warning,2026-05-31 02:05:00,Winlogon,6005,None,A device reported a recoverable condition.
Information,2026-05-31 02:14:00,Service Control Manager,7031,None,A Windows service changed state.
Information,2026-05-31 02:34:00,Microsoft-Windows-Kernel-Power,109,None,A Windows service changed state.
Information,2026-05-31 02:43:00,Microsoft-Windows-DistributedCOM,10016,None,A user session was started.
Information,2026-05-31 02:56:00,Microsoft-Windows-DistributedCOM,10016,None,The operation completed successfully.
Information,2026-05-31 03:00:00,Microsoft-Windows-WindowsUpdateClient,20,None,A Windows service changed state.
Information,2026-05-31 03:24:00,Microsoft-Windows-Security-Auditing,4634,None,The update operation completed.
Information,2026-05-31 03:40:00,Application Error,1000,None,A Windows service changed state.
Information,2026-05-31 03:56:00,Service Control Manager,7040,None,The operation completed successfully.
Information,2026-05-31 04:02:00,Microsoft-Windows-Security-Auditing,4624,None,The operation completed successfully.
Warning,2026-05-31 04:13:00,Microsoft-Windows-DriverFrameworks-UserMode,10110,None,The application-specific permission settings do not grant Local Activation permission.
Information,2026-05-31 04:53:00,Microsoft-Windows-WindowsUpdateClient,31,None,A Windows service changed state.
Warning,2026-05-31 04:56:00,Application Error,1001,None,The application-specific permission settings do not grant Local Activation permission.
Information,2026-05-31 05:32:00,Winlogon,6005,None,The update operation completed.
Warning,2026-05-31 06:04:00,Microsoft-Windows-DistributedCOM,10016,None,A service took longer than expected to respond.
Error,2026-05-31 06:38:00,Microsoft-Windows-DistributedCOM,10016,None,A user logon attempt failed.
Warning,2026-05-31 06:53:00,Microsoft-Windows-DistributedCOM,10010,None,A device reported a recoverable condition.
Information,2026-05-31 07:03:00,Microsoft-Windows-DistributedCOM,10010,None,The operation completed successfully.
Information,2026-05-31 08:50:00,Microsoft-Windows-DriverFrameworks-UserMode,10110,None,A Windows service changed state.
Warning,2026-05-31 09:43:00,Microsoft-Windows-DistributedCOM,10016,None,The application-specific permission settings do not grant Local Activation permission.
Information,2026-05-31 09:57:00,Microsoft-Windows-DistributedCOM,10010,None,The update operation completed.
Error,2026-05-31 10:43:00,Microsoft-Windows-DistributedCOM,10016,None,A user logon attempt failed.
Information,2026-05-31 10:47:00,Application Error,1000,None,A user session was started.
Warning,2026-05-31 11:11:00,Microsoft-Windows-WindowsUpdateClient,43,None,A device reported a recoverable condition.
Information,2026-05-31 11:46:00,Service Control Manager,7040,None,A Windows service changed state.
Information,2026-05-31 12:08:00,Microsoft-Windows-DistributedCOM,10010,None,The update operation completed.
Information,2026-05-31 12:17:00,Microsoft-Windows-Security-Auditing,4624,None,A user session was started.
Information,2026-05-31 12:25:00,Microsoft-Windows-Security-Auditing,4624,None,The operation completed successfully.
Information,2026-05-31 12:36:00,Microsoft-Windows-DistributedCOM,10010,None,A Windows service changed state.
Warning,2026-05-31 14:12:00,Winlogon,6006,None,A device reported a recoverable condition.
Information,2026-05-31 14:22:00,Microsoft-Windows-DistributedCOM,10010,None,A user session was started.
Information,2026-05-31 14:34:00,Service Control Manager,7000,None,A Windows service changed state.
Error,2026-05-31 14:53:00,Microsoft-Windows-Kernel-Power,109,None,A service terminated unexpectedly.
Information,2026-05-31 15:02:00,Microsoft-Windows-Security-Auditing,4624,None,The operation completed successfully.
Information,2026-05-31 15:29:00,Service Control Manager,7040,None,A Windows service changed state.
Error,2026-05-31 15:37:00,Microsoft-Windows-DistributedCOM,10010,None,A service terminated unexpectedly.
Information,2026-05-31 15:50:00,Microsoft-Windows-WindowsUpdateClient,31,None,A user session was started.
Error,2026-05-31 16:15:00,Microsoft-Windows-DistributedCOM,10010,None,An update could not be installed.
Error,2026-05-31 16:31:00,Application Error,1000,None,An update could not be installed.
Information,2026-05-31 16:56:00,Microsoft-Windows-DistributedCOM,10010,None,The operation completed successfully.
Information,2026-05-31 17:50:00,Service Control Manager,7031,None,A Windows service changed state.
Information,2026-05-31 18:08:00,Application Error,1000,None,The update operation completed.
Warning,2026-05-31 18:20:00,Microsoft-Windows-Security-Auditing,4625,None,The application-specific permission settings do not grant Local Activation permission.
Error,2026-05-31 18:26:00,Microsoft-Windows-DistributedCOM,10010,None,An update could not be installed.
Warning,2026-05-31 18:34:00,Microsoft-Windows-DistributedCOM,10016,None,The application-specific permission settings do not grant Local Activation permission.
Information,2026-05-31 18:55:00,Microsoft-Windows-DistributedCOM,10010,None,A user session was started.
Information,2026-05-31 19:34:00,Application Error,1001,None,A Windows service changed state.
Critical,2026-05-31 20:21:00,Winlogon,6005,None,The system rebooted without cleanly shutting down first.
Information,2026-05-31 21:02:00,Microsoft-Windows-DistributedCOM,10010,None,The operation completed successfully.
Information,2026-05-31 22:41:00,Microsoft-Windows-Security-Auditing,4624,None,A Windows service changed state.
Information,2026-05-31 23:45:00,Service Control Manager,7040,None,The update operation completed.
Warning,2026-05-31 23:57:00,Application Error,1001,None,A service took longer than expected to respond.
Information,2026-06-01 00:19:00,Service Control Manager,7040,None,The update operation completed.
Information,2026-06-01 00:22:00,Microsoft-Windows-Security-Auditing,4624,None,The update operation completed.
Information,2026-06-01 01:34:00,Service Control Manager,7031,None,The operation completed successfully.
Information,2026-06-01 01:54:00,Microsoft-Windows-DistributedCOM,10016,None,The operation completed successfully.
Warning,2026-06-01 01:56:00,Microsoft-Windows-DistributedCOM,10016,None,A device reported a recoverable condition.
Information,2026-06-01 02:40:00,Microsoft-Windows-Kernel-Power,109,None,The operation completed successfully.
Warning,2026-06-01 04:40:00,Microsoft-Windows-DistributedCOM,10016,None,A service took longer than expected to respond.
Information,2026-06-01 04:45:00,Microsoft-Windows-DistributedCOM,10016,None,The update operation completed.
Warning,2026-06-01 05:18:00,Application Error,1001,None,A device reported a recoverable condition.
Information,2026-06-01 05:30:00,Microsoft-Windows-DistributedCOM,10016,None,A Windows service changed state.
Information,2026-06-01 05:55:00,Microsoft-Windows-DistributedCOM,10016,None,The operation completed successfully.
Warning,2026-06-01 06:28:00,Microsoft-Windows-WindowsUpdateClient,43,None,The application-specific permission settings do not grant Local Activation permission.
Information,2026-06-01 06:42:00,Microsoft-Windows-WindowsUpdateClient,19,None,A Windows service changed state.
Warning,2026-06-01 06:49:00,Microsoft-Windows-DistributedCOM,10016,None,A service took longer than expected to respond.
Information,2026-06-01 07:37:00,Microsoft-Windows-Security-Auditing,4624,None,The operation completed successfully.
Warning,2026-06-01 07:55:00,Microsoft-Windows-WindowsUpdateClient,19,None,A service took longer than expected to respond.
Warning,2026-06-01 09:06:00,Microsoft-Windows-WindowsUpdateClient,19,None,A device reported a recoverable condition.
Error,2026-06-01 09:09:00,Microsoft-Windows-DistributedCOM,10016,None,A user logon attempt failed.
Information,2026-06-01 09:25:00,Application Error,1000,None,A user session was started.
Information,2026-06-01 10:07:00,Microsoft-Windows-Security-Auditing,4624,None,A user session was started.
Information,2026-06-01 10:15:00,Microsoft-Windows-DistributedCOM,10010,None,A Windows service changed state.
Information,2026-06-01 11:04:00,Service Control Manager,7031,None,A Windows service changed state.
Information,2026-06-01 11:06:00,Service Control Manager,7001,None,The update operation completed.
Information,2026-06-01 11:08:00,Microsoft-Windows-DistributedCOM,10016,None,The update operation completed.
Information,2026-06-01 11:33:00,Microsoft-Windows-WindowsUpdateClient,31,None,The operation completed successfully.
Information,2026-06-01 13:17:00,Microsoft-Windows-DistributedCOM,10010,None,The update operation completed.
Warning,2026-06-01 13:20:00,Application Error,1000,None,The application-specific permission settings do not grant Local Activation permission.
Warning,2026-06-01 13:30:00,Microsoft-Windows-Kernel-Power,41,None,A service took longer than expected to respond.
Information,2026-06-01 13:50:00,Microsoft-Windows-DistributedCOM,10010,None,A Windows service changed state.
Warning,2026-06-01 13:51:00,Microsoft-Windows-Security-Auditing,4625,None,A device reported a recoverable condition.
Information,2026-06-01 14:00:00,Winlogon,6005,None,The operation completed successfully.
Warning,2026-06-01 14:33:00,Microsoft-Windows-WindowsUpdateClient,19,None,The application-specific permission settings do not grant Local Activation permission.
Information,2026-06-01 14:47:00,Microsoft-Windows-Security-Auditing,4634,None,The operation completed successfully.
Warning,2026-06-01 14:51:00,Microsoft-Windows-DriverFrameworks-UserMode,10110,None,A device reported a recoverable condition.
Warning,2026-06-01 15:06:00,Service Control Manager,7001,None,The application-specific permission settings do not grant Local Activation permission.
Warning,2026-06-01 15:46:00,Service Control Manager,7000,None,The application-specific permission settings do not grant Local Activation permission.
Error,2026-06-01 16:30:00,Microsoft-Windows-DistributedCOM,10010,None,A service terminated unexpectedly.
Warning,2026-06-01 18:24:00,Service Control Manager,7040,None,A device reported a recoverable condition.
Information,2026-06-01 18:30:00,Microsoft-Windows-DistributedCOM,10016,None,The update operation completed.
Warning,2026-06-01 18:30:00,Microsoft-Windows-DriverFrameworks-UserMode,10111,None,The application-specific permission settings do not grant Local Activation permission.
Information,2026-06-01 18:45:00,Service Control Manager,7001,None,A user session was started.
Warning,2026-06-01 18:47:00,Microsoft-Windows-DistributedCOM,10016,None,A service took longer than expected to respond.
Information,2026-06-01 18:48:00,Service Control Manager,7040,None,The operation completed successfully.
Information,2026-06-01 19:12:00,Microsoft-Windows-Security-Auditing,4634,None,The update operation completed.
Error,2026-06-01 19:33:00,Microsoft-Windows-DistributedCOM,10016,None,An application stopped responding.
Information,2026-06-01 19:37:00,Microsoft-Windows-DriverFrameworks-UserMode,10110,None,A Windows service changed state.
Warning,2026-06-01 21:20:00,Microsoft-Windows-WindowsUpdateClient,19,None,The application-specific permission settings do not grant Local Activation permission.
Information,2026-06-01 22:00:00,Winlogon,6006,None,A Windows service changed state.
Information,2026-06-01 22:31:00,Microsoft-Windows-DriverFrameworks-UserMode,10110,None,The update operation completed.
Information,2026-06-01 23:03:00,Service Control Manager,7040,None,The update operation completed.
Warning,2026-06-01 23:21:00,Microsoft-Windows-DistributedCOM,10016,None,A device reported a recoverable condition.
Information,2026-06-02 00:10:00,Microsoft-Windows-DistributedCOM,10016,None,A Windows service changed state.
Information,2026-06-02 00:11:00,Microsoft-Windows-WindowsUpdateClient,43,None,The update operation completed.
Information,2026-06-02 00:14:00,Microsoft-Windows-Security-Auditing,4624,None,The update operation completed.
Information,2026-06-02 01:36:00,Microsoft-Windows-Security-Auditing,4624,None,A user session was started.
Warning,2026-06-02 01:54:00,Service Control Manager,7000,None,A service took longer than expected to respond.
Information,2026-06-02 02:14:00,Microsoft-Windows-DriverFrameworks-UserMode,10110,None,The update operation completed.
Warning,2026-06-02 02:28:00,Microsoft-Windows-Kernel-Power,109,None,The application-specific permission settings do not grant Local Activation permission.
Error,2026-06-02 03:55:00,Service Control Manager,7040,None,An application stopped responding.
Information,2026-06-02 04:00:00,Service Control Manager,7001,None,A Windows service changed state.
Information,2026-06-02 04:01:00,Winlogon,6006,None,A Windows service changed state.
Information,2026-06-02 04:14:00,Service Control Manager,7040,None,A user session was started.
Information,2026-06-02 04:27:00,Microsoft-Windows-WindowsUpdateClient,20,None,A Windows service changed state.
Warning,2026-06-02 04:31:00,Service Control Manager,7000,None,A service took longer than expected to respond.
Information,2026-06-02 05:03:00,Service Control Manager,7040,None,The operation completed successfully.
Information,2026-06-02 05:39:00,Microsoft-Windows-Security-Auditing,4624,None,A user session was started.
Information,2026-06-02 06:04:00,Microsoft-Windows-Security-Auditing,4624,None,The update operation completed.
Information,2026-06-02 06:15:00,Microsoft-Windows-Security-Auditing,4624,None,The operation completed successfully.
Warning,2026-06-02 06:50:00,Microsoft-Windows-WindowsUpdateClient,31,None,The application-specific permission settings do not grant Local Activation permission.
Information,2026-06-02 07:00:00,Service Control Manager,7001,None,The update operation completed.
Information,2026-06-02 07:02:00,Microsoft-Windows-Kernel-Power,109,None,The update operation completed.
Information,2026-06-02 07:49:00,Application Error,1000,None,The update operation completed.
Information,2026-06-02 09:10:00,Service Control Manager,7031,None,The operation completed successfully.
Information,2026-06-02 10:00:00,Microsoft-Windows-DistributedCOM,10010,None,A Windows service changed state.
Information,2026-06-02 10:22:00,Microsoft-Windows-DistributedCOM,10010,None,A Windows service changed state.
Information,2026-06-02 11:11:00,Service Control Manager,7000,None,A Windows service changed state.
Information,2026-06-02 11:19:00,Microsoft-Windows-WindowsUpdateClient,20,None,A user session was started.
Critical,2026-06-02 11:55:00,Microsoft-Windows-DistributedCOM,10016,None,A critical system component stopped unexpectedly.
Information,2026-06-02 12:02:00,Microsoft-Windows-DriverFrameworks-UserMode,10110,None,A user session was started.
Information,2026-06-02 12:07:00,Winlogon,6005,None,A user session was started.
Warning,2026-06-02 12:40:00,Microsoft-Windows-Security-Auditing,4625,None,A device reported a recoverable condition.
Information,2026-06-02 13:14:00,Microsoft-Windows-Security-Auditing,4624,None,A user session was started.
Information,2026-06-02 14:11:00,Microsoft-Windows-Security-Auditing,4624,None,The operation completed successfully.
Information,2026-06-02 16:06:00,Service Control Manager,7000,None,A user session was started.
Information,2026-06-02 16:41:00,Microsoft-Windows-WindowsUpdateClient,20,None,A user session was started.
Warning,2026-06-02 17:05:00,Microsoft-Windows-DistributedCOM,10010,None,A device reported a recoverable condition.
Information,2026-06-02 17:21:00,Microsoft-Windows-DistributedCOM,10016,None,A Windows service changed state.
Information,2026-06-02 20:48:00,Microsoft-Windows-WindowsUpdateClient,20,None,A user session was started.
Information,2026-06-02 21:00:00,Microsoft-Windows-Security-Auditing,4624,None,A Windows service changed state.
Information,2026-06-02 21:06:00,Microsoft-Windows-DistributedCOM,10016,None,The operation completed successfully.
Information,2026-06-02 21:28:00,Microsoft-Windows-WindowsUpdateClient,31,None,The update operation completed.
Information,2026-06-02 21:41:00,Microsoft-Windows-Security-Auditing,4624,None,A Windows service changed state.
Information,2026-06-02 21:45:00,Microsoft-Windows-DistributedCOM,10010,None,A user session was started.
Information,2026-06-02 22:06:00,Service Control Manager,7031,None,The update operation completed.
Information,2026-06-02 22:08:00,Microsoft-Windows-Security-Auditing,4624,None,The operation completed successfully.
Information,2026-06-02 22:13:00,Microsoft-Windows-DistributedCOM,10016,None,The operation completed successfully.
Information,2026-06-02 22:16:00,Microsoft-Windows-WindowsUpdateClient,43,None,The operation completed successfully.
Information,2026-06-02 23:30:00,Microsoft-Windows-Kernel-Power,109,None,A user session was started.
Error,2026-06-02 23:40:00,Microsoft-Windows-DistributedCOM,10010,None,An application stopped responding.
Warning,2026-06-03 00:15:00,Microsoft-Windows-DistributedCOM,10010,None,A device reported a recoverable condition.
Error,2026-06-03 00:21:00,Winlogon,6006,None,An application stopped responding.
Warning,2026-06-03 00:34:00,Microsoft-Windows-DistributedCOM,10010,None,A service took longer than expected to respond.
Information,2026-06-03 00:36:00,Microsoft-Windows-WindowsUpdateClient,31,None,A user session was started.
Information,2026-06-03 00:45:00,Service Control Manager,7040,None,A Windows service changed state.
Information,2026-06-03 00:46:00,Microsoft-Windows-DistributedCOM,10016,None,The operation completed successfully.
Warning,2026-06-03 00:46:00,Microsoft-Windows-DriverFrameworks-UserMode,10110,None,A device reported a recoverable condition.
Warning,2026-06-03 00:53:00,Microsoft-Windows-DistributedCOM,10010,None,The application-specific permission settings do not grant Local Activation permission.
Information,2026-06-03 00:57:00,Service Control Manager,7000,None,A user session was started.
Warning,2026-06-03 00:59:00,Microsoft-Windows-DriverFrameworks-UserMode,10110,None,A service took longer than expected to respond.
Warning,2026-06-03 01:01:00,Microsoft-Windows-Security-Auditing,4625,None,The application-specific permission settings do not grant Local Activation permission.
Information,2026-06-03 01:04:00,Microsoft-Windows-WindowsUpdateClient,20,None,A Windows service changed state.
Warning,2026-06-03 01:13:00,Microsoft-Windows-WindowsUpdateClient,43,None,A service took longer than expected to respond.
Error,2026-06-03 01:15:00,Microsoft-Windows-DriverFrameworks-UserMode,10111,None,An application stopped responding.
Information,2026-06-03 01:23:00,Microsoft-Windows-Security-Auditing,4624,None,A user session was started.
Information,2026-06-03 01:28:00,Microsoft-Windows-WindowsUpdateClient,31,None,A user session was started.
Information,2026-06-03 01:35:00,Microsoft-Windows-DistributedCOM,10010,None,A user session was started.
Information,2026-06-03 01:36:00,Microsoft-Windows-WindowsUpdateClient,19,None,The operation completed successfully.
Information,2026-06-03 01:58:00,Microsoft-Windows-DistributedCOM,10016,None,The update operation completed.
Warning,2026-06-03 02:02:00,Microsoft-Windows-DistributedCOM,10016,None,A device reported a recoverable condition.
Warning,2026-06-03 02:04:00,Microsoft-Windows-DistributedCOM,10010,None,A device reported a recoverable condition.
Information,2026-06-03 02:08:00,Microsoft-Windows-WindowsUpdateClient,43,None,A user session was started.
Information,2026-06-03 02:23:00,Microsoft-Windows-Security-Auditing,4624,None,A Windows service changed state.
Information,2026-06-03 02:35:00,Microsoft-Windows-DistributedCOM,10016,None,The update operation completed.
Information,2026-06-03 02:43:00,Microsoft-Windows-DistributedCOM,10016,None,A user session was started.
Information,2026-06-03 02:52:00,Microsoft-Windows-DistributedCOM,10016,None,The operation completed successfully.
Information,2026-06-03 03:07:00,Application Error,1000,None,A user session was started.
Warning,2026-06-03 03:24:00,Microsoft-Windows-DriverFrameworks-UserMode,10110,None,A service took longer than expected to respond.
Warning,2026-06-03 03:24:00,Service Control Manager,7031,None,A device reported a recoverable condition.
Information,2026-06-03 03:35:00,Microsoft-Windows-DistributedCOM,10010,None,A user session was started.
Information,2026-06-03 03:40:00,Microsoft-Windows-DistributedCOM,10010,None,A user session was started.
Error,2026-06-03 03:48:00,Microsoft-Windows-DistributedCOM,10010,None,An application stopped responding.
Warning,2026-06-03 03:50:00,Service Control Manager,7001,None,The application-specific permission settings do not grant Local Activation permission.
Information,2026-06-03 03:56:00,Microsoft-Windows-DistributedCOM,10016,None,The operation completed successfully.
Warning,2026-06-03 03:56:00,Microsoft-Windows-Security-Auditing,4625,None,The application-specific permission settings do not grant Local Activation permission.
Warning,2026-06-03 03:57:00,Service Control Manager,7031,None,A device reported a recoverable condition.
Warning,2026-06-03 04:03:00,Service Control Manager,7040,None,The application-specific permission settings do not grant Local Activation permission.
Information,2026-06-03 04:11:00,Microsoft-Windows-DistributedCOM,10016,None,The update operation completed.
Information,2026-06-03 04:28:00,Application Error,1000,None,The update operation completed.
Warning,2026-06-03 04:28:00,Service Control Manager,7000,None,A service took longer than expected to respond.
Warning,2026-06-03 04:29:00,Microsoft-Windows-WindowsUpdateClient,31,None,A service took longer than expected to respond.
Information,2026-06-03 04:30:00,Service Control Manager,7040,None,A user session was started.
Warning,2026-06-03 04:31:00,Microsoft-Windows-Kernel-Power,109,None,A device reported a recoverable condition.
Information,2026-06-03 04:37:00,Microsoft-Windows-WindowsUpdateClient,31,None,A user session was started.
Information,2026-06-03 04:58:00,Microsoft-Windows-Security-Auditing,4624,None,The operation completed successfully.
Warning,2026-06-03 05:01:00,Microsoft-Windows-Security-Auditing,4625,None,A device reported a recoverable condition.
Information,2026-06-03 05:12:00,Microsoft-Windows-DistributedCOM,10016,None,The operation completed successfully.
Error,2026-06-03 05:18:00,Service Control Manager,7040,None,An application stopped responding.
Information,2026-06-03 05:20:00,Microsoft-Windows-DistributedCOM,10016,None,A Windows service changed state.
Information,2026-06-03 05:32:00,Microsoft-Windows-Kernel-Power,109,None,The update operation completed.
Error,2026-06-03 05:33:00,Microsoft-Windows-DistributedCOM,10016,None,A user logon attempt failed.
Information,2026-06-03 05:37:00,Microsoft-Windows-WindowsUpdateClient,43,None,A Windows service changed state.
Information,2026-06-03 05:39:00,Service Control Manager,7001,None,The operation completed successfully.
Information,2026-06-03 05:50:00,Microsoft-Windows-DistributedCOM,10010,None,A Windows service changed state.
Information,2026-06-03 05:58:00,Microsoft-Windows-DriverFrameworks-UserMode,10110,None,The operation completed successfully.
Information,2026-06-03 05:59:00,Microsoft-Windows-Security-Auditing,4634,None,A user session was started.
Information,2026-06-03 06:04:00,Service Control Manager,7031,None,A user session was started.
Information,2026-06-03 06:12:00,Microsoft-Windows-Security-Auditing,4624,None,The update operation completed.
Warning,2026-06-03 06:18:00,Service Control Manager,7040,None,The application-specific permission settings do not grant Local Activation permission.
Information,2026-06-03 06:35:00,Microsoft-Windows-WindowsUpdateClient,20,None,A Windows service changed state.
Warning,2026-06-03 06:44:00,Microsoft-Windows-Kernel-Power,41,None,A service took longer than expected to respond.
Warning,2026-06-03 06:51:00,Microsoft-Windows-DistributedCOM,10010,None,A service took longer than expected to respond.
Information,2026-06-03 06:55:00,Microsoft-Windows-DistributedCOM,10016,None,A Windows service changed state.
Information,2026-06-03 07:00:00,Microsoft-Windows-DistributedCOM,10016,None,The operation completed successfully.
Information,2026-06-03 07:16:00,Service Control Manager,7001,None,The update operation completed.
Information,2026-06-03 07:23:00,Microsoft-Windows-Kernel-Power,41,None,The operation completed successfully.
Information,2026-06-03 07:28:00,Microsoft-Windows-DistributedCOM,10016,None,A user session was started.
Warning,2026-06-03 07:31:00,Microsoft-Windows-DistributedCOM,10016,None,A device reported a recoverable condition.
Information,2026-06-03 07:35:00,Microsoft-Windows-DistributedCOM,10010,None,The update operation completed.
Information,2026-06-03 08:01:00,Microsoft-Windows-DistributedCOM,10016,None,The update operation completed.
Information,2026-06-03 08:02:00,Winlogon,6006,None,The update operation completed.
Warning,2026-06-03 08:02:00,Microsoft-Windows-DistributedCOM,10010,None,A device reported a recoverable condition.
Information,2026-06-03 08:02:00,Microsoft-Windows-Security-Auditing,4624,None,The operation completed successfully.
Information,2026-06-03 08:03:00,Microsoft-Windows-DistributedCOM,10010,None,A user session was started.
Information,2026-06-03 08:13:00,Service Control Manager,7001,None,The operation completed successfully.
Information,2026-06-03 08:21:00,Microsoft-Windows-DistributedCOM,10016,None,A Windows service changed state.
Information,2026-06-03 08:37:00,Microsoft-Windows-Kernel-Power,109,None,The update operation completed.
Information,2026-06-03 08:38:00,Microsoft-Windows-WindowsUpdateClient,19,None,The operation completed successfully.
Error,2026-06-03 08:41:00,Microsoft-Windows-DriverFrameworks-UserMode,10110,None,An application stopped responding.
Warning,2026-06-03 08:48:00,Microsoft-Windows-WindowsUpdateClient,31,None,A device reported a recoverable condition.
Error,2026-06-03 08:52:00,Microsoft-Windows-WindowsUpdateClient,43,None,A user logon attempt failed.
Information,2026-06-03 09:05:00,Microsoft-Windows-DistributedCOM,10010,None,A Windows service changed state.
Warning,2026-06-03 09:07:00,Winlogon,6005,None,A device reported a recoverable condition.
Information,2026-06-03 09:22:00,Microsoft-Windows-DistributedCOM,10016,None,A Windows service changed state.
Information,2026-06-03 09:33:00,Service Control Manager,7001,None,A user session was started.
Information,2026-06-03 09:34:00,Service Control Manager,7040,None,The update operation completed.
Information,2026-06-03 09:38:00,Microsoft-Windows-DistributedCOM,10016,None,A user session was started.
Information,2026-06-03 09:45:00,Microsoft-Windows-Security-Auditing,4624,None,A Windows service changed state.
Information,2026-06-03 09:54:00,Microsoft-Windows-DistributedCOM,10016,None,The update operation completed.
Information,2026-06-03 10:04:00,Winlogon,6005,None,A user session was started.
Information,2026-06-03 10:06:00,Microsoft-Windows-DistributedCOM,10016,None,The operation completed successfully.
Information,2026-06-03 10:49:00,Microsoft-Windows-Kernel-Power,109,None,The update operation completed.
Warning,2026-06-03 10:55:00,Microsoft-Windows-DriverFrameworks-UserMode,10110,None,A service took longer than expected to respond.
Warning,2026-06-03 10:56:00,Microsoft-Windows-DistributedCOM,10016,None,A device reported a recoverable condition.
Warning,2026-06-03 10:59:00,Microsoft-Windows-Security-Auditing,4625,None,A device reported a recoverable condition.
Warning,2026-06-03 11:06:00,Service Control Manager,7040,None,A device reported a recoverable condition.
Information,2026-06-03 11:11:00,Microsoft-Windows-DistributedCOM,10016,None,A Windows service changed state.
Information,2026-06-03 11:12:00,Microsoft-Windows-Security-Auditing,4624,None,The operation completed successfully.
Information,2026-06-03 11:24:00,Service Control Manager,7040,None,The update operation completed.
Information,2026-06-03 11:29:00,Winlogon,6006,None,A Windows service changed state.
Information,2026-06-03 11:34:00,Microsoft-Windows-DistributedCOM,10010,None,A Windows service changed state.
Information,2026-06-03 11:37:00,Service Control Manager,7001,None,The operation completed successfully.
Warning,2026-06-03 11:51:00,Microsoft-Windows-DistributedCOM,10016,None,A service took longer than expected to respond.
Information,2026-06-03 12:11:00,Microsoft-Windows-DistributedCOM,10016,None,The operation completed successfully.
Warning,2026-06-03 12:13:00,Service Control Manager,7040,None,A device reported a recoverable condition.
Information,2026-06-03 12:14:00,Microsoft-Windows-Security-Auditing,4624,None,A user session was started.
Information,2026-06-03 12:23:00,Microsoft-Windows-DistributedCOM,10010,None,The update operation completed.
Information,2026-06-03 12:24:00,Microsoft-Windows-DriverFrameworks-UserMode,10110,None,A user session was started.
Information,2026-06-03 12:24:00,Microsoft-Windows-DriverFrameworks-UserMode,10111,None,The operation completed successfully.
Warning,2026-06-03 12:30:00,Application Error,1000,None,The application-specific permission settings do not grant Local Activation permission.
Warning,2026-06-03 12:33:00,Service Control Manager,7000,None,A device reported a recoverable condition.
Warning,2026-06-03 12:48:00,Service Control Manager,7000,None,A device reported a recoverable condition.
Error,2026-06-03 12:59:00,Application Error,1000,None,An application stopped responding.
Warning,2026-06-03 13:00:00,Microsoft-Windows-DistributedCOM,10010,None,A service took longer than expected to respond.
Information,2026-06-03 13:00:00,Microsoft-Windows-DistributedCOM,10010,None,A Windows service changed state.
Information,2026-06-03 13:00:00,Service Control Manager,7040,None,A Windows service changed state.
Information,2026-06-03 13:03:00,Microsoft-Windows-WindowsUpdateClient,43,None,A Windows service changed state.
Warning,2026-06-03 13:26:00,Microsoft-Windows-WindowsUpdateClient,19,None,The application-specific permission settings do not grant Local Activation permission.
Warning,2026-06-03 13:39:00,Service Control Manager,7001,None,The application-specific permission settings do not grant Local Activation permission.
Information,2026-06-03 13:40:00,Microsoft-Windows-Security-Auditing,4624,None,A Windows service changed state.
Warning,2026-06-03 13:41:00,Service Control Manager,7040,None,A device reported a recoverable condition.
Warning,2026-06-03 13:58:00,Microsoft-Windows-DistributedCOM,10010,None,A service took longer than expected to respond.
Information,2026-06-03 14:00:00,Microsoft-Windows-Security-Auditing,4624,None,A user session was started.
Information,2026-06-03 14:05:00,Microsoft-Windows-Security-Auditing,4624,None,A Windows service changed state.
Information,2026-06-03 14:07:00,Microsoft-Windows-DistributedCOM,10010,None,The operation completed successfully.
Information,2026-06-03 14:10:00,Microsoft-Windows-WindowsUpdateClient,43,None,A Windows service changed state.
Information,2026-06-03 14:13:00,Winlogon,6006,None,A Windows service changed state.
Information,2026-06-03 14:29:00,Service Control Manager,7040,None,A user session was started.
Information,2026-06-03 14:42:00,Microsoft-Windows-Security-Auditing,4634,None,The update operation completed.
Information,2026-06-03 14:51:00,Microsoft-Windows-Kernel-Power,109,None,The operation completed successfully.
Information,2026-06-03 14:52:00,Service Control Manager,7040,None,The update operation completed.
Error,2026-06-03 15:03:00,Microsoft-Windows-WindowsUpdateClient,31,None,A service terminated unexpectedly.
Information,2026-06-03 15:12:00,Microsoft-Windows-DistributedCOM,10016,None,A user session was started.
Information,2026-06-03 15:12:00,Microsoft-Windows-Security-Auditing,4624,None,A Windows service changed state.
Information,2026-06-03 15:14:00,Microsoft-Windows-Security-Auditing,4624,None,A Windows service changed state.
Error,2026-06-03 15:19:00,Service Control Manager,7000,None,An application stopped responding.
Information,2026-06-03 15:24:00,Microsoft-Windows-DriverFrameworks-UserMode,10111,None,A user session was started.
Information,2026-06-03 15:29:00,Microsoft-Windows-Kernel-Power,109,None,A Windows service changed state.
Information,2026-06-03 15:31:00,Microsoft-Windows-DistributedCOM,10010,None,A user session was started.
Information,2026-06-03 15:32:00,Microsoft-Windows-Security-Auditing,4624,None,The update operation completed.
Information,2026-06-03 15:33:00,Service Control Manager,7000,None,The operation completed successfully.
Information,2026-06-03 15:36:00,Service Control Manager,7040,None,The update operation completed.
Warning,2026-06-03 16:05:00,Microsoft-Windows-DistributedCOM,10010,None,The application-specific permission settings do not grant Local Activation permission.
Warning,2026-06-03 16:15:00,Microsoft-Windows-WindowsUpdateClient,43,None,A device reported a recoverable condition.
Information,2026-06-03 16:17:00,Microsoft-Windows-DistributedCOM,10016,None,The update operation completed.
Warning,2026-06-03 16:19:00,Microsoft-Windows-WindowsUpdateClient,31,None,A device reported a recoverable condition.
Error,2026-06-03 16:45:00,Service Control Manager,7031,None,A user logon attempt failed.
Error,2026-06-03 16:53:00,Service Control Manager,7000,None,An application stopped responding.
Warning,2026-06-03 16:55:00,Microsoft-Windows-DistributedCOM,10016,None,A service took longer than expected to respond.
Information,2026-06-03 16:56:00,Winlogon,6006,None,The update operation completed.
Information,2026-06-03 16:58:00,Microsoft-Windows-DistributedCOM,10016,None,The operation completed successfully.
Warning,2026-06-03 17:12:00,Microsoft-Windows-WindowsUpdateClient,19,None,A device reported a recoverable condition.
Information,2026-06-03 17:26:00,Winlogon,6006,None,A Windows service changed state.
Information,2026-06-03 17:41:00,Microsoft-Windows-WindowsUpdateClient,31,None,The operation completed successfully.
Information,2026-06-03 18:00:00,Microsoft-Windows-DistributedCOM,10010,None,A Windows service changed state.
Information,2026-06-03 18:02:00,Microsoft-Windows-WindowsUpdateClient,20,None,A user session was started.
Information,2026-06-03 18:04:00,Microsoft-Windows-WindowsUpdateClient,19,None,A Windows service changed state.
Information,2026-06-03 18:14:00,Microsoft-Windows-DriverFrameworks-UserMode,10110,None,A Windows service changed state.
Warning,2026-06-03 18:31:00,Microsoft-Windows-Kernel-Power,41,None,A service took longer than expected to respond.
Information,2026-06-03 18:54:00,Microsoft-Windows-DistributedCOM,10010,None,The update operation completed.
Information,2026-06-03 18:55:00,Winlogon,6005,None,The update operation completed.
Information,2026-06-03 18:57:00,Microsoft-Windows-DistributedCOM,10010,None,The operation completed successfully.
Critical,2026-06-03 18:57:00,Microsoft-Windows-DistributedCOM,10010,None,The system rebooted without cleanly shutting down first.
Warning,2026-06-03 19:04:00,Microsoft-Windows-DistributedCOM,10016,None,The application-specific permission settings do not grant Local Activation permission.
Warning,2026-06-03 19:08:00,Microsoft-Windows-Kernel-Power,41,None,A service took longer than expected to respond.
Warning,2026-06-03 19:10:00,Service Control Manager,7000,None,A service took longer than expected to respond.
Warning,2026-06-03 19:23:00,Microsoft-Windows-DistributedCOM,10010,None,A service took longer than expected to respond.
Warning,2026-06-03 19:59:00,Microsoft-Windows-WindowsUpdateClient,19,None,A service took longer than expected to respond.
Information,2026-06-03 20:00:00,Microsoft-Windows-Security-Auditing,4634,None,A user session was started.
Warning,2026-06-03 20:03:00,Microsoft-Windows-DistributedCOM,10016,None,A device reported a recoverable condition.
Warning,2026-06-03 20:08:00,Microsoft-Windows-WindowsUpdateClient,43,None,A device reported a recoverable condition.
Information,2026-06-03 20:10:00,Service Control Manager,7000,None,The update operation completed.
Error,2026-06-03 20:17:00,Microsoft-Windows-DistributedCOM,10010,None,An update could not be installed.
Information,2026-06-03 21:00:00,Microsoft-Windows-Security-Auditing,4624,None,A user session was started.
Warning,2026-06-03 21:10:00,Microsoft-Windows-DistributedCOM,10010,None,The application-specific permission settings do not grant Local Activation permission.
Information,2026-06-03 21:14:00,Service Control Manager,7001,None,The operation completed successfully.
Information,2026-06-03 21:19:00,Microsoft-Windows-DistributedCOM,10010,None,A Windows service changed state.
Information,2026-06-03 21:26:00,Microsoft-Windows-DistributedCOM,10016,None,The operation completed successfully.
Warning,2026-06-03 21:47:00,Application Error,1001,None,A device reported a recoverable condition.
Information,2026-06-03 21:48:00,Microsoft-Windows-DistributedCOM,10010,None,A Windows service changed state.
Information,2026-06-03 21:51:00,Application Error,1001,None,The update operation completed.
Warning,2026-06-03 21:52:00,Application Error,1000,None,A service took longer than expected to respond.
Information,2026-06-03 21:55:00,Microsoft-Windows-DistributedCOM,10016,None,A Windows service changed state.
Warning,2026-06-03 21:56:00,Microsoft-Windows-DistributedCOM,10016,None,A device reported a recoverable condition.
Warning,2026-06-03 22:15:00,Service Control Manager,7031,None,A service took longer than expected to respond.
Warning,2026-06-03 22:16:00,Microsoft-Windows-DistributedCOM,10010,None,A device reported a recoverable condition.
Error,2026-06-03 22:17:00,Microsoft-Windows-DistributedCOM,10010,None,An update could not be installed.
Information,2026-06-03 22:20:00,Microsoft-Windows-Security-Auditing,4624,None,A user session was started.
Information,2026-06-03 22:26:00,Microsoft-Windows-DistributedCOM,10016,None,The operation completed successfully.
Information,2026-06-03 22:32:00,Service Control Manager,7031,None,A Windows service changed state.
Error,2026-06-03 22:33:00,Winlogon,6005,None,An update could not be installed.
Information,2026-06-03 22:35:00,Service Control Manager,7000,None,The operation completed successfully.
Warning,2026-06-03 22:43:00,Microsoft-Windows-DistributedCOM,10016,None,A device reported a recoverable condition.
Error,2026-06-03 22:52:00,Winlogon,6006,None,An update could not be installed.
Information,2026-06-03 23:18:00,Winlogon,6006,None,A user session was started.
Warning,2026-06-03 23:25:00,Microsoft-Windows-Security-Auditing,4625,None,A service took longer than expected to respond.
Information,2026-06-03 23:38:00,Service Control Manager,7000,None,The operation completed successfully.
Information,2026-06-03 23:43:00,Microsoft-Windows-DriverFrameworks-UserMode,10110,None,The update operation completed.
Warning,2026-06-03 23:51:00,Microsoft-Windows-Security-Auditing,4625,None,A device reported a recoverable condition.
Information,2026-06-04 00:21:00,Microsoft-Windows-Security-Auditing,4624,None,A Windows service changed state.
Information,2026-06-04 00:22:00,Application Error,1000,None,The update operation completed.
Information,2026-06-04 01:26:00,Microsoft-Windows-WindowsUpdateClient,43,None,The operation completed successfully.
Error,2026-06-04 02:24:00,Microsoft-Windows-Kernel-Power,109,None,A user logon attempt failed.
Warning,2026-06-04 02:48:00,Microsoft-Windows-WindowsUpdateClient,31,None,The application-specific permission settings do not grant Local Activation permission.
Error,2026-06-04 02:53:00,Microsoft-Windows-DistributedCOM,10010,None,An application stopped responding.
Warning,2026-06-04 04:17:00,Microsoft-Windows-DistributedCOM,10010,None,A device reported a recoverable condition.
Information,2026-06-04 04:30:00,Microsoft-Windows-DistributedCOM,10016,None,The update operation completed.
Information,2026-06-04 04:57:00,Microsoft-Windows-WindowsUpdateClient,20,None,A Windows service changed state.
Warning,2026-06-04 05:43:00,Service Control Manager,7000,None,A service took longer than expected to respond.
Warning,2026-06-04 06:49:00,Microsoft-Windows-DistributedCOM,10010,None,A device reported a recoverable condition.
Information,2026-06-04 07:23:00,Microsoft-Windows-DistributedCOM,10010,None,The operation completed successfully.
Information,2026-06-04 07:31:00,Microsoft-Windows-Kernel-Power,41,None,The operation completed successfully.
Information,2026-06-04 08:11:00,Microsoft-Windows-DistributedCOM,10010,None,The operation completed successfully.
Information,2026-06-04 08:56:00,Microsoft-Windows-DistributedCOM,10010,None,The operation completed successfully.
Warning,2026-06-04 09:43:00,Microsoft-Windows-WindowsUpdateClient,19,None,The application-specific permission settings do not grant Local Activation permission.
Warning,2026-06-04 10:03:00,Service Control Manager,7031,None,A service took longer than expected to respond.
Warning,2026-06-04 10:47:00,Service Control Manager,7000,None,The application-specific permission settings do not grant Local Activation permission.
Information,2026-06-04 11:05:00,Microsoft-Windows-DistributedCOM,10010,None,The update operation completed.
Information,2026-06-04 12:04:00,Microsoft-Windows-DistributedCOM,10016,None,The update operation completed.
Warning,2026-06-04 12:11:00,Service Control Manager,7001,None,The application-specific permission settings do not grant Local Activation permission.
Error,2026-06-04 12:29:00,Microsoft-Windows-DistributedCOM,10016,None,A user logon attempt failed.
Warning,2026-06-04 12:50:00,Microsoft-Windows-Kernel-Power,41,None,A service took longer than expected to respond.
Information,2026-06-04 13:00:00,Microsoft-Windows-Security-Auditing,4624,None,The operation completed successfully.
Warning,2026-06-04 13:12:00,Microsoft-Windows-DistributedCOM,10010,None,A service took longer than expected to respond.
Information,2026-06-04 14:05:00,Microsoft-Windows-DistributedCOM,10010,None,The update operation completed.
Information,2026-06-04 14:10:00,Microsoft-Windows-WindowsUpdateClient,31,None,A Windows service changed state.
Error,2026-06-04 15:03:00,Microsoft-Windows-DistributedCOM,10010,None,A user logon attempt failed.
Information,2026-06-04 17:55:00,Application Error,1000,None,The update operation completed.
Information,2026-06-04 18:41:00,Service Control Manager,7000,None,The operation completed successfully.
Warning,2026-06-04 18:51:00,Service Control Manager,7031,None,A service took longer than expected to respond.
Information,2026-06-04 19:45:00,Application Error,1000,None,A Windows service changed state.
Warning,2026-06-04 19:46:00,Microsoft-Windows-DriverFrameworks-UserMode,10111,None,A device reported a recoverable condition.
Warning,2026-06-04 21:01:00,Microsoft-Windows-WindowsUpdateClient,31,None,A service took longer than expected to respond.
Information,2026-06-04 21:24:00,Microsoft-Windows-DistributedCOM,10016,None,A user session was started.
Information,2026-06-04 21:38:00,Application Error,1000,None,A Windows service changed state.
Information,2026-06-04 21:42:00,Microsoft-Windows-DistributedCOM,10010,None,The update operation completed.
Information,2026-06-04 21:51:00,Microsoft-Windows-Security-Auditing,4624,None,A Windows service changed state.
Information,2026-06-04 21:59:00,Application Error,1001,None,A user session was started.
Error,2026-06-04 22:39:00,Microsoft-Windows-DistributedCOM,10010,None,An update could not be installed.
Information,2026-06-04 23:04:00,Microsoft-Windows-Kernel-Power,41,None,The operation completed successfully.
Information,2026-06-04 23:17:00,Microsoft-Windows-DriverFrameworks-UserMode,10110,None,The operation completed successfully.
Information,2026-06-05 00:11:00,Microsoft-Windows-Security-Auditing,4624,None,The operation completed successfully.
Information,2026-06-05 00:37:00,Microsoft-Windows-Security-Auditing,4624,None,The update operation completed.
Warning,2026-06-05 00:49:00,Winlogon,6005,None,A service took longer than expected to respond.
Information,2026-06-05 01:27:00,Service Control Manager,7000,None,The update operation completed.
Information,2026-06-05 01:37:00,Microsoft-Windows-DistributedCOM,10010,None,The update operation completed.
Error,2026-06-05 01:37:00,Microsoft-Windows-DistributedCOM,10016,None,A service terminated unexpectedly.
Information,2026-06-05 02:39:00,Winlogon,6005,None,A Windows service changed state.
Warning,2026-06-05 02:50:00,Microsoft-Windows-DistributedCOM,10016,None,The application-specific permission settings do not grant Local Activation permission.
Information,2026-06-05 04:59:00,Winlogon,6005,None,A Windows service changed state.
Information,2026-06-05 05:01:00,Service Control Manager,7000,None,A user session was started.
Information,2026-06-05 05:22:00,Microsoft-Windows-DistributedCOM,10010,None,A user session was started.
Information,2026-06-05 05:28:00,Microsoft-Windows-DistributedCOM,10016,None,The operation completed successfully.
Information,2026-06-05 05:28:00,Microsoft-Windows-Kernel-Power,109,None,The operation completed successfully.
Error,2026-06-05 06:10:00,Service Control Manager,7001,None,An update could not be installed.
Warning,2026-06-05 07:15:00,Microsoft-Windows-WindowsUpdateClient,20,None,A service took longer than expected to respond.
Error,2026-06-05 07:54:00,Microsoft-Windows-DistributedCOM,10016,None,A service terminated unexpectedly.
Critical,2026-06-05 08:35:00,Microsoft-Windows-DistributedCOM,10010,None,The system rebooted without cleanly shutting down first.
Critical,2026-06-05 10:32:00,Microsoft-Windows-DistributedCOM,10010,None,A critical system component stopped unexpectedly.
Information,2026-06-05 10:45:00,Microsoft-Windows-WindowsUpdateClient,20,None,The update operation completed.
Warning,2026-06-05 11:00:00,Winlogon,6005,None,A service took longer than expected to respond.
Warning,2026-06-05 11:19:00,Service Control Manager,7001,None,A service took longer than expected to respond.
Warning,2026-06-05 11:39:00,Service Control Manager,7001,None,The application-specific permission settings do not grant Local Activation permission.
Information,2026-06-05 11:48:00,Microsoft-Windows-Kernel-Power,41,None,The update operation completed.
Warning,2026-06-05 12:58:00,Service Control Manager,7001,None,A device reported a recoverable condition.
Error,2026-06-05 13:05:00,Microsoft-Windows-WindowsUpdateClient,43,None,An application stopped responding.
Information,2026-06-05 13:06:00,Winlogon,6005,None,A Windows service changed state.
Information,2026-06-05 14:00:00,Microsoft-Windows-Security-Auditing,4624,None,A Windows service changed state.
Information,2026-06-05 14:13:00,Microsoft-Windows-Kernel-Power,109,None,A Windows service changed state.
Warning,2026-06-05 14:30:00,Winlogon,6005,None,A device reported a recoverable condition.
Warning,2026-06-05 15:06:00,Service Control Manager,7040,None,The application-specific permission settings do not grant Local Activation permission.
Warning,2026-06-05 15:18:00,Microsoft-Windows-WindowsUpdateClient,19,None,A service took longer than expected to respond.
Information,2026-06-05 17:46:00,Microsoft-Windows-WindowsUpdateClient,43,None,A user session was started.
Warning,2026-06-05 17:56:00,Winlogon,6005,None,A device reported a recoverable condition.
Information,2026-06-05 18:04:00,Service Control Manager,7000,None,A Windows service changed state.
Error,2026-06-05 18:07:00,Service Control Manager,7000,None,An update could not be installed.
Information,2026-06-05 18:51:00,Microsoft-Windows-DistributedCOM,10016,None,A user session was started.
Error,2026-06-05 21:40:00,Microsoft-Windows-DistributedCOM,10016,None,A service terminated unexpectedly.
Warning,2026-06-05 22:33:00,Service Control Manager,7001,None,The application-specific permission settings do not grant Local Activation permission.
Information,2026-06-05 22:57:00,Microsoft-Windows-Security-Auditing,4624,None,The operation completed successfully.
Error,2026-06-06 00:00:00,Service Control Manager,7040,None,A service terminated unexpectedly.
Warning,2026-06-06 00:00:00,Service Control Manager,7000,None,A service took longer than expected to respond.
Information,2026-06-06 01:20:00,Service Control Manager,7000,None,A user session was started.
Information,2026-06-06 02:24:00,Application Error,1001,None,A Windows service changed state.
Information,2026-06-06 02:30:00,Microsoft-Windows-WindowsUpdateClient,20,None,A Windows service changed state.
Error,2026-06-06 02:54:00,Microsoft-Windows-DistributedCOM,10010,None,An application stopped responding.
Warning,2026-06-06 03:05:00,Microsoft-Windows-DistributedCOM,10016,None,A service took longer than expected to respond.
Warning,2026-06-06 03:35:00,Microsoft-Windows-DistributedCOM,10010,None,A device reported a recoverable condition.
Information,2026-06-06 04:05:00,Microsoft-Windows-DistributedCOM,10010,None,A Windows service changed state.
Error,2026-06-06 05:40:00,Microsoft-Windows-DistributedCOM,10010,None,A service terminated unexpectedly.
Warning,2026-06-06 06:13:00,Microsoft-Windows-Security-Auditing,4625,None,A service took longer than expected to respond.
Information,2026-06-06 06:40:00,Application Error,1000,None,The update operation completed.
Information,2026-06-06 07:01:00,Service Control Manager,7000,None,A Windows service changed state.
Information,2026-06-06 07:21:00,Microsoft-Windows-DistributedCOM,10016,None,The update operation completed.
Information,2026-06-06 07:41:00,Microsoft-Windows-Kernel-Power,41,None,A Windows service changed state.
Information,2026-06-06 09:04:00,Microsoft-Windows-Security-Auditing,4634,None,The operation completed successfully.
Information,2026-06-06 09:06:00,Microsoft-Windows-Security-Auditing,4624,None,A user session was started.
Information,2026-06-06 09:12:00,Microsoft-Windows-DistributedCOM,10016,None,A user session was started.
Information,2026-06-06 09:17:00,Service Control Manager,7040,None,A user session was started.
Warning,2026-06-06 09:20:00,Microsoft-Windows-WindowsUpdateClient,20,None,A device reported a recoverable condition.
Information,2026-06-06 09:23:00,Microsoft-Windows-Security-Auditing,4624,None,A Windows service changed state.
Information,2026-06-06 10:27:00,Microsoft-Windows-DriverFrameworks-UserMode,10111,None,A user session was started.
Information,2026-06-06 10:47:00,Microsoft-Windows-DistributedCOM,10016,None,A user session was started.
Information,2026-06-06 10:47:00,Service Control Manager,7031,None,A Windows service changed state.
Warning,2026-06-06 10:50:00,Microsoft-Windows-Kernel-Power,41,None,A service took longer than expected to respond.
Warning,2026-06-06 10:57:00,Application Error,1000,None,The application-specific permission settings do not grant Local Activation permission.
Warning,2026-06-06 11:28:00,Microsoft-Windows-DistributedCOM,10016,None,A service took longer than expected to respond.
Error,2026-06-06 12:11:00,Microsoft-Windows-DistributedCOM,10016,None,A user logon attempt failed.
Information,2026-06-06 12:12:00,Winlogon,6006,None,A Windows service changed state.
Information,2026-06-06 12:18:00,Service Control Manager,7000,None,The operation completed successfully.
Warning,2026-06-06 12:25:00,Microsoft-Windows-Kernel-Power,109,None,The application-specific permission settings do not grant Local Activation permission.
Information,2026-06-06 12:49:00,Microsoft-Windows-DriverFrameworks-UserMode,10111,None,The operation completed successfully.
Warning,2026-06-06 13:07:00,Microsoft-Windows-DistributedCOM,10016,None,The application-specific permission settings do not grant Local Activation permission.
Warning,2026-06-06 13:20:00,Microsoft-Windows-Kernel-Power,41,None,The application-specific permission settings do not grant Local Activation permission.
Information,2026-06-06 13:32:00,Service Control Manager,7000,None,The update operation completed.
Information,2026-06-06 13:54:00,Winlogon,6006,None,The update operation completed.
Information,2026-06-06 14:00:00,Microsoft-Windows-WindowsUpdateClient,31,None,A Windows service changed state.
Information,2026-06-06 15:03:00,Microsoft-Windows-DriverFrameworks-UserMode,10110,None,The update operation completed.
Error,2026-06-06 16:36:00,Microsoft-Windows-DistributedCOM,10010,None,An update could not be installed.
Information,2026-06-06 17:15:00,Microsoft-Windows-DistributedCOM,10010,None,A Windows service changed state.
Information,2026-06-06 17:21:00,Microsoft-Windows-WindowsUpdateClient,31,None,A user session was started.
Information,2026-06-06 17:40:00,Microsoft-Windows-Security-Auditing,4624,None,A user session was started.
Information,2026-06-06 17:58:00,Winlogon,6006,None,The update operation completed.
Information,2026-06-06 18:03:00,Microsoft-Windows-DistributedCOM,10016,None,The operation completed successfully.
Information,2026-06-06 18:29:00,Microsoft-Windows-Security-Auditing,4634,None,A Windows service changed state.
Information,2026-06-06 18:33:00,Microsoft-Windows-Security-Auditing,4624,None,The update operation completed.
Information,2026-06-06 18:45:00,Microsoft-Windows-Kernel-Power,109,None,The operation completed successfully.
Information,2026-06-06 20:06:00,Microsoft-Windows-Security-Auditing,4624,None,A Windows service changed state.
Information,2026-06-06 20:11:00,Microsoft-Windows-WindowsUpdateClient,43,None,A Windows service changed state.
Information,2026-06-06 21:05:00,Microsoft-Windows-DistributedCOM,10010,None,The update operation completed.
Information,2026-06-06 21:09:00,Microsoft-Windows-Security-Auditing,4624,None,The update operation completed.
Warning,2026-06-06 21:16:00,Microsoft-Windows-Kernel-Power,41,None,A device reported a recoverable condition.
Information,2026-06-06 21:36:00,Microsoft-Windows-DistributedCOM,10010,None,The update operation completed.
Information,2026-06-07 00:20:00,Microsoft-Windows-DistributedCOM,10010,None,A Windows service changed state.
Information,2026-06-07 00:25:00,Microsoft-Windows-DistributedCOM,10016,None,A Windows service changed state.
Information,2026-06-07 00:27:00,Microsoft-Windows-WindowsUpdateClient,20,None,The operation completed successfully.
Information,2026-06-07 01:14:00,Winlogon,6005,None,The update operation completed.
Information,2026-06-07 01:18:00,Application Error,1000,None,A Windows service changed state.
Information,2026-06-07 01:29:00,Microsoft-Windows-WindowsUpdateClient,19,None,The update operation completed.
Information,2026-06-07 02:13:00,Microsoft-Windows-DriverFrameworks-UserMode,10110,None,The operation completed successfully.
Information,2026-06-07 02:33:00,Microsoft-Windows-DistributedCOM,10010,None,The update operation completed.
Information,2026-06-07 02:53:00,Microsoft-Windows-DistributedCOM,10010,None,A user session was started.
Warning,2026-06-07 03:58:00,Service Control Manager,7040,None,A device reported a recoverable condition.
Information,2026-06-07 05:29:00,Service Control Manager,7040,None,A user session was started.
Information,2026-06-07 05:41:00,Microsoft-Windows-DistributedCOM,10010,None,A user session was started.
Information,2026-06-07 05:46:00,Microsoft-Windows-DistributedCOM,10016,None,A Windows service changed state.
Error,2026-06-07 06:03:00,Application Error,1000,None,An application stopped responding.
Information,2026-06-07 07:16:00,Microsoft-Windows-DistributedCOM,10010,None,The update operation completed.
Information,2026-06-07 07:27:00,Microsoft-Windows-WindowsUpdateClient,31,None,A user session was started.
Information,2026-06-07 08:10:00,Service Control Manager,7040,None,The update operation completed.
Warning,2026-06-07 08:35:00,Microsoft-Windows-Kernel-Power,109,None,A device reported a recoverable condition.
Information,2026-06-07 08:54:00,Microsoft-Windows-Security-Auditing,4624,None,The operation completed successfully.
Warning,2026-06-07 10:01:00,Application Error,1000,None,A device reported a recoverable condition.
Error,2026-06-07 10:10:00,Service Control Manager,7001,None,An update could not be installed.
Information,2026-06-07 10:27:00,Microsoft-Windows-WindowsUpdateClient,19,None,The update operation completed.
Warning,2026-06-07 11:04:00,Microsoft-Windows-Kernel-Power,41,None,A service took longer than expected to respond.
Warning,2026-06-07 11:09:00,Service Control Manager,7000,None,A device reported a recoverable condition.
Error,2026-06-07 11:28:00,Winlogon,6005,None,A user logon attempt failed.
Warning,2026-06-07 11:56:00,Service Control Manager,7001,None,The application-specific permission settings do not grant Local Activation permission.
Information,2026-06-07 12:32:00,Service Control Manager,7000,None,A Windows service changed state.
Information,2026-06-07 12:33:00,Microsoft-Windows-Security-Auditing,4624,None,The operation completed successfully.
Information,2026-06-07 12:55:00,Application Error,1000,None,The operation completed successfully.
Information,2026-06-07 13:24:00,Service Control Manager,7001,None,A Windows service changed state.
Information,2026-06-07 13:27:00,Microsoft-Windows-Security-Auditing,4634,None,A Windows service changed state.
Information,2026-06-07 13:37:00,Microsoft-Windows-Security-Auditing,4624,None,The update operation completed.
Information,2026-06-07 14:25:00,Service Control Manager,7000,None,A user session was started.
Error,2026-06-07 14:38:00,Microsoft-Windows-WindowsUpdateClient,31,None,A service terminated unexpectedly.
Warning,2026-06-07 14:52:00,Microsoft-Windows-DistributedCOM,10010,None,A service took longer than expected to respond.
Information,2026-06-07 15:25:00,Microsoft-Windows-Security-Auditing,4634,None,The operation completed successfully.
Error,2026-06-07 16:13:00,Microsoft-Windows-DistributedCOM,10016,None,An update could not be installed.
Error,2026-06-07 17:00:00,Microsoft-Windows-Kernel-Power,41,None,A user logon attempt failed.
Information,2026-06-07 17:11:00,Microsoft-Windows-DistributedCOM,10010,None,The update operation completed.
Information,2026-06-07 17:22:00,Microsoft-Windows-DistributedCOM,10016,None,The operation completed successfully.
Error,2026-06-07 17:56:00,Service Control Manager,7040,None,A user logon attempt failed.
Warning,2026-06-07 18:14:00,Service Control Manager,7031,None,A device reported a recoverable condition.
Information,2026-06-07 18:37:00,Microsoft-Windows-DriverFrameworks-UserMode,10110,None,The operation completed successfully.
Critical,2026-06-07 18:38:00,Microsoft-Windows-DistributedCOM,10016,None,The system rebooted without cleanly shutting down first.
Warning,2026-06-07 20:19:00,Microsoft-Windows-DistributedCOM,10016,None,A service took longer than expected to respond.
Information,2026-06-07 20:20:00,Microsoft-Windows-Security-Auditing,4624,None,The update operation completed.
Information,2026-06-07 20:33:00,Microsoft-Windows-Security-Auditing,4634,None,A Windows service changed state.
Information,2026-06-07 20:48:00,Microsoft-Windows-DistributedCOM,10010,None,A user session was started.
Critical,2026-06-07 21:13:00,Microsoft-Windows-Kernel-Power,109,None,A critical system component stopped unexpectedly.
Warning,2026-06-07 21:17:00,Microsoft-Windows-DistributedCOM,10010,None,A device reported a recoverable condition.
Information,2026-06-07 21:47:00,Microsoft-Windows-DistributedCOM,10016,None,The operation completed successfully.
Warning,2026-06-07 22:05:00,Service Control Manager,7031,None,A service took longer than expected to respond.
Information,2026-06-07 22:17:00,Microsoft-Windows-DriverFrameworks-UserMode,10111,None,The update operation completed.
Warning,2026-06-07 22:31:00,Service Control Manager,7001,None,A device reported a recoverable condition.
Warning,2026-06-07 22:31:00,Microsoft-Windows-DriverFrameworks-UserMode,10111,None,The application-specific permission settings do not grant Local Activation permission.
Warning,2026-06-07 23:06:00,Microsoft-Windows-WindowsUpdateClient,20,None,A device reported a recoverable condition.
Warning,2026-06-07 23:06:00,Microsoft-Windows-DistributedCOM,10010,None,A service took longer than expected to respond.
Warning,2026-06-08 00:27:00,Microsoft-Windows-WindowsUpdateClient,43,None,A device reported a recoverable condition.
Information,2026-06-08 00:33:00,Microsoft-Windows-Kernel-Power,41,None,A Windows service changed state.
Information,2026-06-08 01:00:00,Microsoft-Windows-DistributedCOM,10010,None,The operation completed successfully.
Information,2026-06-08 01:10:00,Microsoft-Windows-DistributedCOM,10010,None,A user session was started.
Information,2026-06-08 01:30:00,Microsoft-Windows-WindowsUpdateClient,19,None,A Windows service changed state.
Information,2026-06-08 02:15:00,Microsoft-Windows-DistributedCOM,10016,None,The update operation completed.
Information,2026-06-08 02:23:00,Service Control Manager,7040,None,The operation completed successfully.
Error,2026-06-08 02:32:00,Microsoft-Windows-Kernel-Power,109,None,An application stopped responding.
Warning,2026-06-08 02:46:00,Microsoft-Windows-DistributedCOM,10010,None,A device reported a recoverable condition.
Warning,2026-06-08 02:46:00,Service Control Manager,7031,None,A service took longer than expected to respond.
Error,2026-06-08 02:55:00,Service Control Manager,7031,None,A user logon attempt failed.
Warning,2026-06-08 03:43:00,Service Control Manager,7031,None,A service took longer than expected to respond.
Information,2026-06-08 04:18:00,Microsoft-Windows-Security-Auditing,4624,None,The update operation completed.
Information,2026-06-08 04:34:00,Microsoft-Windows-DistributedCOM,10016,None,The update operation completed.
Warning,2026-06-08 04:38:00,Microsoft-Windows-DistributedCOM,10016,None,The application-specific permission settings do not grant Local Activation permission.
Information,2026-06-08 05:23:00,Microsoft-Windows-DriverFrameworks-UserMode,10111,None,A Windows service changed state.
Warning,2026-06-08 06:31:00,Application Error,1001,None,A device reported a recoverable condition.
Information,2026-06-08 06:50:00,Microsoft-Windows-DistributedCOM,10010,None,The operation completed successfully.
Critical,2026-06-08 06:52:00,Microsoft-Windows-DistributedCOM,10010,None,A critical system component stopped unexpectedly.
Information,2026-06-08 07:16:00,Microsoft-Windows-DistributedCOM,10010,None,The update operation completed.
Information,2026-06-08 08:03:00,Microsoft-Windows-DistributedCOM,10016,None,A user session was started.
Error,2026-06-08 09:39:00,Microsoft-Windows-DistributedCOM,10010,None,An application stopped responding.
Information,2026-06-08 09:42:00,Microsoft-Windows-WindowsUpdateClient,19,None,A Windows service changed state.
Information,2026-06-08 11:10:00,Winlogon,6005,None,The operation completed successfully.
Information,2026-06-08 11:38:00,Service Control Manager,7000,None,A Windows service changed state.
Warning,2026-06-08 11:55:00,Microsoft-Windows-WindowsUpdateClient,31,None,A service took longer than expected to respond.
Warning,2026-06-08 12:19:00,Microsoft-Windows-DistributedCOM,10010,None,The application-specific permission settings do not grant Local Activation permission.
Information,2026-06-08 13:07:00,Microsoft-Windows-Security-Auditing,4624,None,The operation completed successfully.
Warning,2026-06-08 13:54:00,Microsoft-Windows-Security-Auditing,4625,None,A service took longer than expected to respond.
Information,2026-06-08 14:27:00,Service Control Manager,7031,None,The update operation completed.
Warning,2026-06-08 14:31:00,Microsoft-Windows-WindowsUpdateClient,19,None,A device reported a recoverable condition.
Warning,2026-06-08 14:41:00,Microsoft-Windows-DistributedCOM,10016,None,A device reported a recoverable condition.
Information,2026-06-08 15:01:00,Microsoft-Windows-WindowsUpdateClient,19,None,The operation completed successfully.
Information,2026-06-08 16:14:00,Microsoft-Windows-Security-Auditing,4634,None,A Windows service changed state.
Information,2026-06-08 16:20:00,Microsoft-Windows-DistributedCOM,10016,None,The operation completed successfully.
Warning,2026-06-08 16:52:00,Microsoft-Windows-DistributedCOM,10010,None,A device reported a recoverable condition.
Information,2026-06-08 17:03:00,Microsoft-Windows-DriverFrameworks-UserMode,10111,None,A Windows service changed state.
Warning,2026-06-08 17:04:00,Microsoft-Windows-DistributedCOM,10016,None,A service took longer than expected to respond.
Error,2026-06-08 17:17:00,Microsoft-Windows-Kernel-Power,41,None,An application stopped responding.
Information,2026-06-08 20:58:00,Service Control Manager,7040,None,The operation completed successfully.
Information,2026-06-08 22:42:00,Microsoft-Windows-Security-Auditing,4624,None,A user session was started.
Information,2026-06-08 23:17:00,Microsoft-Windows-Kernel-Power,109,None,A Windows service changed state.
Error,2026-06-08 23:17:00,Microsoft-Windows-WindowsUpdateClient,19,None,A user logon attempt failed.
Information,2026-06-08 23:47:00,Service Control Manager,7031,None,A Windows service changed state.
Information,2026-06-08 23:50:00,Microsoft-Windows-DistributedCOM,10010,None,A Windows service changed state.
Information,2026-06-08 23:53:00,Service Control Manager,7031,None,The operation completed successfully.
Warning,2026-06-09 00:00:00,Service Control Manager,7040,None,A device reported a recoverable condition.
Information,2026-06-09 00:23:00,Service Control Manager,7000,None,The update operation completed.
Information,2026-06-09 00:27:00,Application Error,1001,None,A user session was started.
Error,2026-06-09 00:36:00,Winlogon,6006,None,A user logon attempt failed.
Information,2026-06-09 01:13:00,Microsoft-Windows-DistributedCOM,10010,None,A user session was started.
Information,2026-06-09 01:25:00,Application Error,1001,None,A Windows service changed state.
Information,2026-06-09 01:33:00,Microsoft-Windows-DistributedCOM,10010,None,The update operation completed.
Information,2026-06-09 01:33:00,Microsoft-Windows-WindowsUpdateClient,19,None,A user session was started.
Error,2026-06-09 01:41:00,Microsoft-Windows-DistributedCOM,10016,None,A user logon attempt failed.
Information,2026-06-09 02:22:00,Microsoft-Windows-DistributedCOM,10010,None,A Windows service changed state.
Information,2026-06-09 02:59:00,Microsoft-Windows-DistributedCOM,10016,None,A user session was started.
Warning,2026-06-09 03:33:00,Microsoft-Windows-DriverFrameworks-UserMode,10110,None,A service took longer than expected to respond.
Warning,2026-06-09 03:38:00,Microsoft-Windows-DistributedCOM,10010,None,A device reported a recoverable condition.
Error,2026-06-09 03:47:00,Microsoft-Windows-DriverFrameworks-UserMode,10110,None,An update could not be installed.
Information,2026-06-09 03:54:00,Microsoft-Windows-Security-Auditing,4634,None,A Windows service changed state.
Warning,2026-06-09 04:01:00,Microsoft-Windows-DistributedCOM,10010,None,A device reported a recoverable condition.
Information,2026-06-09 04:40:00,Winlogon,6005,None,A Windows service changed state.
Information,2026-06-09 04:41:00,Service Control Manager,7040,None,A Windows service changed state.
Error,2026-06-09 04:48:00,Application Error,1000,None,A user logon attempt failed.
Information,2026-06-09 05:07:00,Winlogon,6006,None,The update operation completed.
Error,2026-06-09 05:17:00,Microsoft-Windows-DriverFrameworks-UserMode,10111,None,An application stopped responding.
Information,2026-06-09 05:27:00,Application Error,1000,None,The operation completed successfully.
Information,2026-06-09 06:13:00,Microsoft-Windows-DistributedCOM,10016,None,The update operation completed.
Information,2026-06-09 06:26:00,Microsoft-Windows-Security-Auditing,4624,None,A Windows service changed state.
Information,2026-06-09 07:15:00,Microsoft-Windows-Security-Auditing,4634,None,A user session was started.
Information,2026-06-09 08:03:00,Microsoft-Windows-DistributedCOM,10016,None,A user session was started.
Information,2026-06-09 08:25:00,Application Error,1000,None,A Windows service changed state.
Information,2026-06-09 09:37:00,Microsoft-Windows-DriverFrameworks-UserMode,10110,None,The update operation completed.
Information,2026-06-09 10:45:00,Microsoft-Windows-WindowsUpdateClient,31,None,The operation completed successfully.
Information,2026-06-09 11:52:00,Microsoft-Windows-Kernel-Power,109,None,The update operation completed.
Warning,2026-06-09 12:05:00,Service Control Manager,7031,None,A device reported a recoverable condition.
Warning,2026-06-09 12:12:00,Microsoft-Windows-WindowsUpdateClient,31,None,The application-specific permission settings do not grant Local Activation permission.
Warning,2026-06-09 12:22:00,Microsoft-Windows-DistributedCOM,10010,None,A service took longer than expected to respond.
Information,2026-06-09 12:31:00,Microsoft-Windows-Security-Auditing,4624,None,The operation completed successfully.
Information,2026-06-09 13:06:00,Service Control Manager,7031,None,The update operation completed.
Information,2026-06-09 13:25:00,Microsoft-Windows-WindowsUpdateClient,20,None,The operation completed successfully.
Information,2026-06-09 13:40:00,Service Control Manager,7040,None,A Windows service changed state.
Information,2026-06-09 14:09:00,Winlogon,6006,None,A user session was started.
Information,2026-06-09 14:47:00,Microsoft-Windows-DistributedCOM,10010,None,The update operation completed.
Warning,2026-06-09 15:13:00,Winlogon,6005,None,A device reported a recoverable condition.
Warning,2026-06-09 16:30:00,Microsoft-Windows-DistributedCOM,10016,None,The application-specific permission settings do not grant Local Activation permission.
Information,2026-06-09 16:41:00,Microsoft-Windows-DistributedCOM,10010,None,A Windows service changed state.
Information,2026-06-09 16:43:00,Microsoft-Windows-DistributedCOM,10016,None,The operation completed successfully.
Information,2026-06-09 17:50:00,Microsoft-Windows-Security-Auditing,4624,None,The update operation completed.
Information,2026-06-09 18:02:00,Microsoft-Windows-Security-Auditing,4624,None,The update operation completed.
Warning,2026-06-09 18:15:00,Microsoft-Windows-DistributedCOM,10016,None,A device reported a recoverable condition.
Information,2026-06-09 19:49:00,Service Control Manager,7031,None,A Windows service changed state.
Warning,2026-06-09 19:57:00,Microsoft-Windows-Kernel-Power,109,None,A device reported a recoverable condition.
Error,2026-06-09 20:21:00,Service Control Manager,7000,None,An update could not be installed.
Warning,2026-06-09 20:51:00,Microsoft-Windows-DistributedCOM,10016,None,A service took longer than expected to respond.
Information,2026-06-09 21:39:00,Service Control Manager,7040,None,A user session was started.
Information,2026-06-09 22:14:00,Microsoft-Windows-DistributedCOM,10010,None,The operation completed successfully.
Information,2026-06-09 22:40:00,Microsoft-Windows-Security-Auditing,4624,None,A user session was started.
Warning,2026-06-09 23:58:00,Microsoft-Windows-WindowsUpdateClient,19,None,The application-specific permission settings do not grant Local Activation permission.
Information,2026-06-10 00:28:00,Microsoft-Windows-WindowsUpdateClient,43,None,The operation completed successfully.
Warning,2026-06-10 00:31:00,Microsoft-Windows-WindowsUpdateClient,20,None,A service took longer than expected to respond.
Information,2026-06-10 00:53:00,Microsoft-Windows-DistributedCOM,10016,None,The update operation completed.
Warning,2026-06-10 01:27:00,Microsoft-Windows-Kernel-Power,41,None,A device reported a recoverable condition.
Information,2026-06-10 03:35:00,Microsoft-Windows-Security-Auditing,4624,None,The operation completed successfully.
Information,2026-06-10 04:21:00,Microsoft-Windows-Security-Auditing,4624,None,A Windows service changed state.
Information,2026-06-10 05:31:00,Service Control Manager,7040,None,A Windows service changed state.
Information,2026-06-10 05:40:00,Microsoft-Windows-Security-Auditing,4624,None,A user session was started.
Information,2026-06-10 07:33:00,Service Control Manager,7031,None,A Windows service changed state.
Information,2026-06-10 08:19:00,Microsoft-Windows-DistributedCOM,10016,None,The update operation completed.
Information,2026-06-10 08:38:00,Microsoft-Windows-DistributedCOM,10010,None,A Windows service changed state.
Information,2026-06-10 09:05:00,Service Control Manager,7040,None,A user session was started.
Information,2026-06-10 09:31:00,Service Control Manager,7001,None,The operation completed successfully.
Information,2026-06-10 10:21:00,Microsoft-Windows-DriverFrameworks-UserMode,10111,None,The update operation completed.
Information,2026-06-10 11:09:00,Microsoft-Windows-Security-Auditing,4624,None,The update operation completed.
Warning,2026-06-10 11:41:00,Microsoft-Windows-DriverFrameworks-UserMode,10110,None,A device reported a recoverable condition.
Warning,2026-06-10 12:00:00,Microsoft-Windows-DistributedCOM,10010,None,The application-specific permission settings do not grant Local Activation permission.
Information,2026-06-10 12:05:00,Microsoft-Windows-DistributedCOM,10010,None,A Windows service changed state.
Information,2026-06-10 12:13:00,Microsoft-Windows-DistributedCOM,10010,None,The operation completed successfully.
Information,2026-06-10 12:30:00,Service Control Manager,7040,None,A Windows service changed state.
Warning,2026-06-10 12:48:00,Microsoft-Windows-DistributedCOM,10016,None,The application-specific permission settings do not grant Local Activation permission.
Information,2026-06-10 12:57:00,Service Control Manager,7000,None,A Windows service changed state.
Warning,2026-06-10 12:57:00,Microsoft-Windows-DistributedCOM,10010,None,A device reported a recoverable condition.
Information,2026-06-10 13:16:00,Microsoft-Windows-DistributedCOM,10016,None,A Windows service changed state.
Information,2026-06-10 13:31:00,Microsoft-Windows-DistributedCOM,10010,None,A user session was started.
Information,2026-06-10 13:36:00,Service Control Manager,7001,None,A user session was started.
Information,2026-06-10 14:02:00,Microsoft-Windows-DistributedCOM,10016,None,A user session was started.
Error,2026-06-10 14:03:00,Service Control Manager,7000,None,An update could not be installed.
Information,2026-06-10 15:06:00,Application Error,1001,None,The update operation completed.
Error,2026-06-10 16:29:00,Microsoft-Windows-WindowsUpdateClient,43,None,A service terminated unexpectedly.
Information,2026-06-10 16:48:00,Microsoft-Windows-Security-Auditing,4624,None,A Windows service changed state.
Error,2026-06-10 18:07:00,Microsoft-Windows-DistributedCOM,10016,None,An application stopped responding.
Information,2026-06-10 19:32:00,Microsoft-Windows-DistributedCOM,10016,None,A user session was started.
Information,2026-06-10 19:41:00,Microsoft-Windows-DistributedCOM,10016,None,A Windows service changed state.
Information,2026-06-10 20:42:00,Microsoft-Windows-DistributedCOM,10010,None,The update operation completed.
Information,2026-06-10 21:04:00,Microsoft-Windows-DistributedCOM,10016,None,The operation completed successfully.
Information,2026-06-10 21:19:00,Microsoft-Windows-Kernel-Power,41,None,A Windows service changed state.
Information,2026-06-10 21:36:00,Microsoft-Windows-DistributedCOM,10010,None,The update operation completed.
Warning,2026-06-10 21:59:00,Winlogon,6005,None,A service took longer than expected to respond.
Information,2026-06-10 22:04:00,Microsoft-Windows-WindowsUpdateClient,43,None,A user session was started.
Information,2026-06-10 22:28:00,Service Control Manager,7040,None,A user session was started.
Information,2026-06-10 22:42:00,Microsoft-Windows-Security-Auditing,4624,None,The update operation completed.
Information,2026-06-10 22:43:00,Microsoft-Windows-DistributedCOM,10016,None,The operation completed successfully.
Warning,2026-06-10 22:55:00,Application Error,1001,None,The application-specific permission settings do not grant Local Activation permission.
Information,2026-06-10 23:03:00,Microsoft-Windows-DistributedCOM,10010,None,A user session was started.
Information,2026-06-10 23:50:00,Microsoft-Windows-Kernel-Power,41,None,A Windows service changed state.
Warning,2026-06-10 23:51:00,Microsoft-Windows-DistributedCOM,10016,None,The application-specific permission settings do not grant Local Activation permission.
Information,2026-06-11 00:34:00,Microsoft-Windows-Security-Auditing,4624,None,The operation completed successfully.
Information,2026-06-11 01:39:00,Service Control Manager,7040,None,A Windows service changed state.
Information,2026-06-11 02:03:00,Microsoft-Windows-DistributedCOM,10016,None,A user session was started.
Information,2026-06-11 02:41:00,Microsoft-Windows-Security-Auditing,4624,None,A user session was started.
Warning,2026-06-11 02:41:00,Microsoft-Windows-DistributedCOM,10016,None,A device reported a recoverable condition.
Information,2026-06-11 03:00:00,Microsoft-Windows-DriverFrameworks-UserMode,10111,None,A Windows service changed state.
Information,2026-06-11 03:01:00,Microsoft-Windows-DistributedCOM,10010,None,The update operation completed.
Information,2026-06-11 03:31:00,Microsoft-Windows-Kernel-Power,109,None,The operation completed successfully.
Information,2026-06-11 04:26:00,Winlogon,6005,None,A user session was started.
Information,2026-06-11 04:28:00,Service Control Manager,7040,None,The update operation completed.
Critical,2026-06-11 05:35:00,Microsoft-Windows-DistributedCOM,10010,None,The system rebooted without cleanly shutting down first.
Warning,2026-06-11 05:36:00,Microsoft-Windows-DistributedCOM,10010,None,The application-specific permission settings do not grant Local Activation permission.
Information,2026-06-11 06:24:00,Winlogon,6005,None,The operation completed successfully.
Information,2026-06-11 07:53:00,Microsoft-Windows-DriverFrameworks-UserMode,10111,None,The operation completed successfully.
Warning,2026-06-11 07:54:00,Microsoft-Windows-DistributedCOM,10010,None,A device reported a recoverable condition.
Warning,2026-06-11 08:06:00,Microsoft-Windows-DistributedCOM,10016,None,The application-specific permission settings do not grant Local Activation permission.
Information,2026-06-11 08:38:00,Service Control Manager,7000,None,The update operation completed.
Warning,2026-06-11 09:21:00,Service Control Manager,7031,None,A device reported a recoverable condition.
Information,2026-06-11 09:23:00,Microsoft-Windows-WindowsUpdateClient,31,None,A user session was started.
Information,2026-06-11 10:06:00,Microsoft-Windows-DriverFrameworks-UserMode,10111,None,The update operation completed.
Warning,2026-06-11 11:55:00,Winlogon,6006,None,A service took longer than expected to respond.
Information,2026-06-11 12:13:00,Service Control Manager,7031,None,The update operation completed.
Information,2026-06-11 12:27:00,Microsoft-Windows-DistributedCOM,10010,None,A Windows service changed state.
Information,2026-06-11 12:54:00,Winlogon,6005,None,A Windows service changed state.
Information,2026-06-11 14:15:00,Microsoft-Windows-Kernel-Power,109,None,A user session was started.
Error,2026-06-11 15:46:00,Microsoft-Windows-DriverFrameworks-UserMode,10111,None,An update could not be installed.
Information,2026-06-11 15:47:00,Microsoft-Windows-DistributedCOM,10016,None,A user session was started.
Critical,2026-06-11 16:11:00,Microsoft-Windows-DistributedCOM,10010,None,A critical system component stopped unexpectedly.
Information,2026-06-11 16:28:00,Microsoft-Windows-DistributedCOM,10016,None,A Windows service changed state.
Warning,2026-06-11 16:58:00,Microsoft-Windows-DistributedCOM,10010,None,The application-specific permission settings do not grant Local Activation permission.
Information,2026-06-11 17:16:00,Microsoft-Windows-DistributedCOM,10016,None,A Windows service changed state.
Warning,2026-06-11 17:51:00,Microsoft-Windows-DistributedCOM,10016,None,A service took longer than expected to respond.
Information,2026-06-11 18:53:00,Microsoft-Windows-DistributedCOM,10016,None,The update operation completed.
Warning,2026-06-11 19:01:00,Microsoft-Windows-Kernel-Power,41,None,A service took longer than expected to respond.
Information,2026-06-11 19:12:00,Microsoft-Windows-Security-Auditing,4634,None,The operation completed successfully.
Information,2026-06-11 20:46:00,Service Control Manager,7000,None,A user session was started.
Information,2026-06-11 21:08:00,Service Control Manager,7031,None,A Windows service changed state.
Information,2026-06-11 21:20:00,Microsoft-Windows-DistributedCOM,10016,None,A user session was started.
Information,2026-06-11 21:56:00,Microsoft-Windows-Security-Auditing,4624,None,A Windows service changed state.
Information,2026-06-11 22:39:00,Microsoft-Windows-WindowsUpdateClient,31,None,A Windows service changed state.
Warning,2026-06-11 23:07:00,Service Control Manager,7031,None,A service took longer than expected to respond.
Error,2026-06-11 23:27:00,Microsoft-Windows-Kernel-Power,41,None,An update could not be installed.
Warning,2026-06-11 23:45:00,Service Control Manager,7000,None,A service took longer than expected to respond.
Information,2026-06-12 00:56:00,Microsoft-Windows-DistributedCOM,10016,None,A user session was started.
Error,2026-06-12 01:07:00,Microsoft-Windows-DriverFrameworks-UserMode,10111,None,A user logon attempt failed.
Information,2026-06-12 01:16:00,Microsoft-Windows-DriverFrameworks-UserMode,10110,None,A user session was started.
Information,2026-06-12 02:11:00,Microsoft-Windows-Security-Auditing,4624,None,A user session was started.
Warning,2026-06-12 03:03:00,Microsoft-Windows-WindowsUpdateClient,43,None,A device reported a recoverable condition.
Information,2026-06-12 03:21:00,Microsoft-Windows-WindowsUpdateClient,20,None,A user session was started.
Information,2026-06-12 03:30:00,Microsoft-Windows-Security-Auditing,4624,None,A Windows service changed state.
Warning,2026-06-12 03:34:00,Microsoft-Windows-DistributedCOM,10016,None,A service took longer than expected to respond.
Warning,2026-06-12 03:51:00,Service Control Manager,7000,None,A device reported a recoverable condition.
Warning,2026-06-12 05:10:00,Microsoft-Windows-Kernel-Power,41,None,A service took longer than expected to respond.
Information,2026-06-12 05:40:00,Microsoft-Windows-DistributedCOM,10010,None,A user session was started.
Information,2026-06-12 06:06:00,Microsoft-Windows-Security-Auditing,4634,None,The update operation completed.
Warning,2026-06-12 06:34:00,Service Control Manager,7000,None,The application-specific permission settings do not grant Local Activation permission.
Information,2026-06-12 07:09:00,Application Error,1000,None,The operation completed successfully.
Warning,2026-06-12 07:51:00,Microsoft-Windows-DistributedCOM,10016,None,The application-specific permission settings do not grant Local Activation permission.
Information,2026-06-12 08:00:00,Microsoft-Windows-DistributedCOM,10010,None,The update operation completed.
Information,2026-06-12 08:08:00,Service Control Manager,7040,None,The operation completed successfully.
Information,2026-06-12 08:22:00,Microsoft-Windows-DistributedCOM,10010,None,The operation completed successfully.
Warning,2026-06-12 08:29:00,Service Control Manager,7031,None,The application-specific permission settings do not grant Local Activation permission.
Information,2026-06-12 08:43:00,Microsoft-Windows-DistributedCOM,10016,None,A user session was started.
Information,2026-06-12 11:31:00,Application Error,1000,None,The update operation completed.
Information,2026-06-12 12:04:00,Microsoft-Windows-WindowsUpdateClient,31,None,The update operation completed.
Warning,2026-06-12 12:37:00,Microsoft-Windows-DistributedCOM,10010,None,A device reported a recoverable condition.
Information,2026-06-12 13:40:00,Microsoft-Windows-Security-Auditing,4624,None,The operation completed successfully.
Warning,2026-06-12 14:40:00,Microsoft-Windows-Kernel-Power,109,None,The application-specific permission settings do not grant Local Activation permission.
Information,2026-06-12 14:42:00,Microsoft-Windows-WindowsUpdateClient,31,None,The operation completed successfully.
Information,2026-06-12 15:02:00,Microsoft-Windows-WindowsUpdateClient,43,None,The update operation completed.
Information,2026-06-12 15:02:00,Microsoft-Windows-DistributedCOM,10016,None,The operation completed successfully.
Warning,2026-06-12 15:23:00,Microsoft-Windows-Security-Auditing,4625,None,A service took longer than expected to respond.
Information,2026-06-12 15:26:00,Microsoft-Windows-DistributedCOM,10016,None,A user session was started.
Information,2026-06-12 15:28:00,Microsoft-Windows-Kernel-Power,109,None,A Windows service changed state.
Information,2026-06-12 15:53:00,Microsoft-Windows-DriverFrameworks-UserMode,10110,None,The update operation completed.
Warning,2026-06-12 16:38:00,Application Error,1001,None,A service took longer than expected to respond.
Information,2026-06-12 17:24:00,Microsoft-Windows-DistributedCOM,10016,None,A Windows service changed state.
Information,2026-06-12 17:51:00,Microsoft-Windows-DistributedCOM,10010,None,The operation completed successfully.
Information,2026-06-12 17:53:00,Microsoft-Windows-DistributedCOM,10010,None,The operation completed successfully.
Information,2026-06-12 18:13:00,Microsoft-Windows-DistributedCOM,10016,None,A Windows service changed state.
Information,2026-06-12 18:30:00,Microsoft-Windows-Kernel-Power,109,None,A Windows service changed state.
Warning,2026-06-12 18:35:00,Microsoft-Windows-WindowsUpdateClient,20,None,A service took longer than expected to respond.
Information,2026-06-12 18:42:00,Microsoft-Windows-Security-Auditing,4624,None,A Windows service changed state.
Information,2026-06-12 18:45:00,Microsoft-Windows-DistributedCOM,10010,None,The update operation completed.
Information,2026-06-12 18:47:00,Microsoft-Windows-WindowsUpdateClient,31,None,The update operation completed.
Information,2026-06-12 20:35:00,Service Control Manager,7001,None,A Windows service changed state.
Information,2026-06-12 22:48:00,Microsoft-Windows-DistributedCOM,10010,None,The update operation completed.
Information,2026-06-13 00:19:00,Service Control Manager,7040,None,The update operation completed.
Warning,2026-06-13 00:37:00,Microsoft-Windows-DistributedCOM,10016,None,A device reported a recoverable condition.
Information,2026-06-13 01:23:00,Microsoft-Windows-DistributedCOM,10010,None,A user session was started.
Warning,2026-06-13 01:24:00,Microsoft-Windows-Kernel-Power,109,None,A device reported a recoverable condition.
Error,2026-06-13 01:26:00,Microsoft-Windows-Kernel-Power,109,None,An update could not be installed.
Information,2026-06-13 01:38:00,Microsoft-Windows-WindowsUpdateClient,20,None,The update operation completed.
Warning,2026-06-13 01:57:00,Microsoft-Windows-Kernel-Power,109,None,A device reported a recoverable condition.
Warning,2026-06-13 02:05:00,Microsoft-Windows-Kernel-Power,109,None,The application-specific permission settings do not grant Local Activation permission.
Warning,2026-06-13 02:08:00,Microsoft-Windows-DistributedCOM,10016,None,A device reported a recoverable condition.
Information,2026-06-13 02:24:00,Service Control Manager,7040,None,The operation completed successfully.
Information,2026-06-13 02:45:00,Microsoft-Windows-WindowsUpdateClient,20,None,The update operation completed.
Information,2026-06-13 02:59:00,Service Control Manager,7001,None,A user session was started.
Warning,2026-06-13 03:14:00,Microsoft-Windows-DistributedCOM,10010,None,A service took longer than expected to respond.
Warning,2026-06-13 03:54:00,Microsoft-Windows-DistributedCOM,10016,None,The application-specific permission settings do not grant Local Activation permission.
Error,2026-06-13 04:19:00,Microsoft-Windows-DistributedCOM,10016,None,A service terminated unexpectedly.
Information,2026-06-13 04:58:00,Microsoft-Windows-DistributedCOM,10016,None,A user session was started.
Information,2026-06-13 05:11:00,Microsoft-Windows-DistributedCOM,10016,None,A user session was started.
Information,2026-06-13 05:30:00,Microsoft-Windows-DistributedCOM,10016,None,The operation completed successfully.
Information,2026-06-13 06:04:00,Service Control Manager,7040,None,A user session was started.
Warning,2026-06-13 06:22:00,Service Control Manager,7000,None,A service took longer than expected to respond.
Information,2026-06-13 06:31:00,Microsoft-Windows-DistributedCOM,10010,None,The operation completed successfully.
Information,2026-06-13 06:48:00,Service Control Manager,7001,None,A Windows service changed state.
Information,2026-06-13 07:23:00,Application Error,1001,None,A user session was started.
Information,2026-06-13 07:26:00,Microsoft-Windows-DistributedCOM,10016,None,A Windows service changed state.
Error,2026-06-13 07:31:00,Winlogon,6005,None,An update could not be installed.
Warning,2026-06-13 07:32:00,Microsoft-Windows-DistributedCOM,10016,None,A service took longer than expected to respond.
Warning,2026-06-13 08:28:00,Microsoft-Windows-DistributedCOM,10016,None,A service took longer than expected to respond.
Warning,2026-06-13 08:34:00,Microsoft-Windows-WindowsUpdateClient,43,None,A service took longer than expected to respond.
Warning,2026-06-13 08:46:00,Microsoft-Windows-DistributedCOM,10016,None,The application-specific permission settings do not grant Local Activation permission.
Warning,2026-06-13 09:26:00,Microsoft-Windows-DistributedCOM,10016,None,A service took longer than expected to respond.
Information,2026-06-13 09:42:00,Service Control Manager,7031,None,A user session was started.
Error,2026-06-13 10:45:00,Service Control Manager,7031,None,An update could not be installed.
Information,2026-06-13 11:33:00,Microsoft-Windows-Security-Auditing,4624,None,The operation completed successfully.
Information,2026-06-13 11:44:00,Service Control Manager,7000,None,The operation completed successfully.
Warning,2026-06-13 12:09:00,Microsoft-Windows-WindowsUpdateClient,31,None,A service took longer than expected to respond.
Information,2026-06-13 14:06:00,Microsoft-Windows-WindowsUpdateClient,43,None,The operation completed successfully.
Information,2026-06-13 14:14:00,Microsoft-Windows-WindowsUpdateClient,43,None,A Windows service changed state.
Error,2026-06-13 14:16:00,Service Control Manager,7001,None,A user logon attempt failed.
Warning,2026-06-13 14:53:00,Microsoft-Windows-DistributedCOM,10010,None,The application-specific permission settings do not grant Local Activation permission.
Information,2026-06-13 15:08:00,Service Control Manager,7001,None,The update operation completed.
Information,2026-06-13 15:25:00,Microsoft-Windows-WindowsUpdateClient,43,None,The update operation completed.
Warning,2026-06-13 16:10:00,Service Control Manager,7001,None,A device reported a recoverable condition.
Information,2026-06-13 16:19:00,Microsoft-Windows-DistributedCOM,10010,None,A Windows service changed state.
Information,2026-06-13 16:23:00,Microsoft-Windows-DistributedCOM,10010,None,A Windows service changed state.
Information,2026-06-13 16:47:00,Microsoft-Windows-DistributedCOM,10016,None,A user session was started.
Information,2026-06-13 17:19:00,Service Control Manager,7001,None,The operation completed successfully.
Information,2026-06-13 17:38:00,Microsoft-Windows-Kernel-Power,109,None,The update operation completed.
Information,2026-06-13 17:43:00,Microsoft-Windows-DriverFrameworks-UserMode,10111,None,A user session was started.
Information,2026-06-13 17:45:00,Microsoft-Windows-Security-Auditing,4624,None,A Windows service changed state.
Information,2026-06-13 18:06:00,Service Control Manager,7031,None,A user session was started.
Information,2026-06-13 19:17:00,Microsoft-Windows-Kernel-Power,109,None,The update operation completed.
Error,2026-06-13 19:49:00,Microsoft-Windows-DistributedCOM,10016,None,An application stopped responding.
Information,2026-06-13 20:37:00,Winlogon,6005,None,The update operation completed.
Information,2026-06-13 21:48:00,Microsoft-Windows-DistributedCOM,10016,None,The update operation completed.
Information,2026-06-13 22:02:00,Microsoft-Windows-DistributedCOM,10010,None,The update operation completed.
Information,2026-06-13 22:33:00,Microsoft-Windows-DriverFrameworks-UserMode,10110,None,The operation completed successfully.
Warning,2026-06-13 23:55:00,Microsoft-Windows-DistributedCOM,10010,None,The application-specific permission settings do not grant Local Activation permission.
Information,2026-06-14 00:05:00,Microsoft-Windows-WindowsUpdateClient,31,None,A Windows service changed state.
Information,2026-06-14 00:16:00,Microsoft-Windows-DistributedCOM,10010,None,The operation completed successfully.
Information,2026-06-14 01:33:00,Microsoft-Windows-DistributedCOM,10016,None,A Windows service changed state.
Information,2026-06-14 02:19:00,Service Control Manager,7001,None,A user session was started.
Warning,2026-06-14 02:23:00,Winlogon,6005,None,A device reported a recoverable condition.
Information,2026-06-14 02:25:00,Service Control Manager,7040,None,A user session was started.
Warning,2026-06-14 02:43:00,Service Control Manager,7000,None,A service took longer than expected to respond.
Information,2026-06-14 02:43:00,Microsoft-Windows-DistributedCOM,10016,None,A Windows service changed state.
Information,2026-06-14 02:55:00,Microsoft-Windows-Security-Auditing,4624,None,The update operation completed.
Error,2026-06-14 03:06:00,Microsoft-Windows-DistributedCOM,10010,None,A user logon attempt failed.
Information,2026-06-14 03:19:00,Microsoft-Windows-DriverFrameworks-UserMode,10111,None,A Windows service changed state.
Information,2026-06-14 03:30:00,Microsoft-Windows-Kernel-Power,41,None,The update operation completed.
Error,2026-06-14 03:54:00,Microsoft-Windows-DistributedCOM,10010,None,An application stopped responding.
Warning,2026-06-14 04:01:00,Microsoft-Windows-DistributedCOM,10010,None,The application-specific permission settings do not grant Local Activation permission.
Warning,2026-06-14 04:25:00,Microsoft-Windows-DistributedCOM,10010,None,A service took longer than expected to respond.
Warning,2026-06-14 04:50:00,Application Error,1000,None,The application-specific permission settings do not grant Local Activation permission.
Information,2026-06-14 05:42:00,Microsoft-Windows-Security-Auditing,4624,None,The operation completed successfully.
Information,2026-06-14 07:08:00,Microsoft-Windows-DistributedCOM,10016,None,A user session was started.
Warning,2026-06-14 08:12:00,Microsoft-Windows-DistributedCOM,10016,None,The application-specific permission settings do not grant Local Activation permission.
Information,2026-06-14 08:22:00,Microsoft-Windows-Security-Auditing,4624,None,A Windows service changed state.
Information,2026-06-14 08:37:00,Microsoft-Windows-Kernel-Power,109,None,The operation completed successfully.
Error,2026-06-14 08:40:00,Microsoft-Windows-DistributedCOM,10010,None,A user logon attempt failed.
Warning,2026-06-14 09:26:00,Service Control Manager,7031,None,A device reported a recoverable condition.
Information,2026-06-14 09:32:00,Microsoft-Windows-DistributedCOM,10010,None,The operation completed successfully.
Information,2026-06-14 10:21:00,Microsoft-Windows-Security-Auditing,4624,None,The update operation completed.
Warning,2026-06-14 11:22:00,Service Control Manager,7040,None,The application-specific permission settings do not grant Local Activation permission.
Information,2026-06-14 12:35:00,Service Control Manager,7000,None,The update operation completed.
Information,2026-06-14 12:39:00,Microsoft-Windows-DistributedCOM,10016,None,A user session was started.
Information,2026-06-14 12:45:00,Service Control Manager,7040,None,A user session was started.
Information,2026-06-14 13:05:00,Microsoft-Windows-DistributedCOM,10016,None,The update operation completed.
Information,2026-06-14 13:51:00,Microsoft-Windows-Security-Auditing,4624,None,The update operation completed.
Error,2026-06-14 15:14:00,Microsoft-Windows-DistributedCOM,10010,None,An update could not be installed.
Information,2026-06-14 15:46:00,Service Control Manager,7040,None,A Windows service changed state.
Information,2026-06-14 15:56:00,Microsoft-Windows-DistributedCOM,10016,None,The operation completed successfully.
Information,2026-06-14 16:47:00,Microsoft-Windows-WindowsUpdateClient,19,None,A Windows service changed state.
Error,2026-06-14 16:55:00,Winlogon,6005,None,A user logon attempt failed.
Information,2026-06-14 17:43:00,Application Error,1000,None,The operation completed successfully.
Warning,2026-06-14 19:46:00,Microsoft-Windows-DistributedCOM,10016,None,A service took longer than expected to respond.
Warning,2026-06-14 20:11:00,Service Control Manager,7001,None,The application-specific permission settings do not grant Local Activation permission.
Information,2026-06-14 20:21:00,Microsoft-Windows-WindowsUpdateClient,20,None,The operation completed successfully.
Warning,2026-06-14 20:45:00,Microsoft-Windows-WindowsUpdateClient,31,None,A service took longer than expected to respond.
Information,2026-06-14 22:35:00,Service Control Manager,7031,None,A Windows service changed state.
Information,2026-06-14 23:06:00,Microsoft-Windows-DistributedCOM,10016,None,The operation completed successfully.
Warning,2026-06-14 23:10:00,Microsoft-Windows-DistributedCOM,10010,None,A device reported a recoverable condition.
Error,2026-06-14 23:32:00,Microsoft-Windows-WindowsUpdateClient,43,None,A user logon attempt failed.
Warning,2026-06-14 23:36:00,Microsoft-Windows-DistributedCOM,10010,None,A service took longer than expected to respond.
Warning,2026-06-14 23:54:00,Microsoft-Windows-Kernel-Power,109,None,A device reported a recoverable condition.
Error,2026-06-15 00:59:00,Microsoft-Windows-WindowsUpdateClient,20,None,An update could not be installed.
Warning,2026-06-15 01:04:00,Winlogon,6005,None,A service took longer than expected to respond.
Information,2026-06-15 01:32:00,Microsoft-Windows-DistributedCOM,10010,None,The update operation completed.
Information,2026-06-15 02:20:00,Service Control Manager,7001,None,A Windows service changed state.
Warning,2026-06-15 02:26:00,Microsoft-Windows-WindowsUpdateClient,43,None,A service took longer than expected to respond.
Warning,2026-06-15 02:42:00,Microsoft-Windows-Security-Auditing,4625,None,A service took longer than expected to respond.
Warning,2026-06-15 03:37:00,Microsoft-Windows-DistributedCOM,10016,None,A device reported a recoverable condition.
Information,2026-06-15 03:48:00,Microsoft-Windows-Security-Auditing,4624,None,The update operation completed.
Information,2026-06-15 04:43:00,Microsoft-Windows-DistributedCOM,10016,None,A Windows service changed state.
Warning,2026-06-15 05:22:00,Microsoft-Windows-WindowsUpdateClient,19,None,A service took longer than expected to respond.
Information,2026-06-15 06:22:00,Application Error,1001,None,A user session was started.
Information,2026-06-15 06:29:00,Microsoft-Windows-DriverFrameworks-UserMode,10110,None,The operation completed successfully.
Information,2026-06-15 06:39:00,Microsoft-Windows-Security-Auditing,4624,None,A Windows service changed state.
Information,2026-06-15 06:44:00,Microsoft-Windows-DistributedCOM,10010,None,A user session was started.
Information,2026-06-15 06:49:00,Microsoft-Windows-DistributedCOM,10010,None,The update operation completed.
Warning,2026-06-15 07:00:00,Microsoft-Windows-DriverFrameworks-UserMode,10111,None,A device reported a recoverable condition.
Warning,2026-06-15 07:57:00,Microsoft-Windows-DistributedCOM,10016,None,A service took longer than expected to respond.
Information,2026-06-15 08:29:00,Microsoft-Windows-Security-Auditing,4624,None,The operation completed successfully.
Information,2026-06-15 08:33:00,Microsoft-Windows-DistributedCOM,10010,None,A Windows service changed state.
Information,2026-06-15 09:33:00,Microsoft-Windows-DistributedCOM,10010,None,The operation completed successfully.
Information,2026-06-15 09:44:00,Microsoft-Windows-Kernel-Power,109,None,A Windows service changed state.
Information,2026-06-15 10:04:00,Microsoft-Windows-DistributedCOM,10016,None,A Windows service changed state.
Warning,2026-06-15 10:17:00,Microsoft-Windows-WindowsUpdateClient,20,None,A service took longer than expected to respond.
Warning,2026-06-15 10:26:00,Service Control Manager,7031,None,A device reported a recoverable condition.
Information,2026-06-15 11:22:00,Service Control Manager,7000,None,The update operation completed.
Information,2026-06-15 12:02:00,Service Control Manager,7040,None,A user session was started.
Information,2026-06-15 12:28:00,Microsoft-Windows-DistributedCOM,10010,None,A user session was started.
Information,2026-06-15 12:44:00,Microsoft-Windows-DistributedCOM,10010,None,The operation completed successfully.
Information,2026-06-15 13:09:00,Microsoft-Windows-DistributedCOM,10010,None,The operation completed successfully.
Information,2026-06-15 13:09:00,Service Control Manager,7031,None,The update operation completed.
Warning,2026-06-15 13:14:00,Application Error,1000,None,A device reported a recoverable condition.
Information,2026-06-15 14:24:00,Microsoft-Windows-DistributedCOM,10016,None,A Windows service changed state.
Warning,2026-06-15 14:46:00,Microsoft-Windows-WindowsUpdateClient,20,None,A device reported a recoverable condition.
Warning,2026-06-15 14:52:00,Microsoft-Windows-Security-Auditing,4625,None,A device reported a recoverable condition.
Information,2026-06-15 15:09:00,Microsoft-Windows-Security-Auditing,4634,None,A user session was started.
Information,2026-06-15 15:55:00,Microsoft-Windows-Security-Auditing,4624,None,The operation completed successfully.
Warning,2026-06-15 16:09:00,Microsoft-Windows-DistributedCOM,10010,None,A device reported a recoverable condition.
Information,2026-06-15 16:22:00,Microsoft-Windows-WindowsUpdateClient,43,None,A user session was started.
Information,2026-06-15 17:02:00,Microsoft-Windows-DistributedCOM,10010,None,The operation completed successfully.
Information,2026-06-15 17:13:00,Microsoft-Windows-Security-Auditing,4624,None,The operation completed successfully.
Information,2026-06-15 17:24:00,Microsoft-Windows-DistributedCOM,10016,None,A Windows service changed state.
Information,2026-06-15 17:34:00,Service Control Manager,7031,None,A Windows service changed state.
Information,2026-06-15 17:44:00,Microsoft-Windows-DistributedCOM,10016,None,A Windows service changed state.
Information,2026-06-15 17:45:00,Service Control Manager,7031,None,A user session was started.
Information,2026-06-15 17:47:00,Microsoft-Windows-Kernel-Power,109,None,A Windows service changed state.
Error,2026-06-15 18:19:00,Microsoft-Windows-DistributedCOM,10010,None,An update could not be installed.
Warning,2026-06-15 18:29:00,Microsoft-Windows-DistributedCOM,10016,None,A device reported a recoverable condition.
Warning,2026-06-15 19:12:00,Microsoft-Windows-DistributedCOM,10010,None,A service took longer than expected to respond.
Information,2026-06-15 19:55:00,Application Error,1001,None,A user session was started.
Error,2026-06-15 20:18:00,Microsoft-Windows-WindowsUpdateClient,43,None,A user logon attempt failed.
Warning,2026-06-15 20:49:00,Microsoft-Windows-DistributedCOM,10016,None,The application-specific permission settings do not grant Local Activation permission.
Warning,2026-06-15 21:00:00,Service Control Manager,7000,None,The application-specific permission settings do not grant Local Activation permission.
Information,2026-06-15 22:56:00,Microsoft-Windows-DistributedCOM,10016,None,The operation completed successfully.
Information,2026-06-15 23:01:00,Microsoft-Windows-DistributedCOM,10010,None,A Windows service changed state.
Information,2026-06-15 23:14:00,Microsoft-Windows-DistributedCOM,10016,None,A user session was started.
Warning,2026-06-15 23:14:00,Microsoft-Windows-WindowsUpdateClient,20,None,A device reported a recoverable condition.
Information,2026-06-15 23:39:00,Microsoft-Windows-Kernel-Power,109,None,A user session was started.
Information,2026-06-15 23:49:00,Microsoft-Windows-Kernel-Power,41,None,The operation completed successfully.
Information,2026-06-16 00:01:00,Microsoft-Windows-DistributedCOM,10010,None,The update operation completed.
Information,2026-06-16 00:24:00,Microsoft-Windows-DistributedCOM,10010,None,The update operation completed.
Error,2026-06-16 01:10:00,Microsoft-Windows-Kernel-Power,109,None,A service terminated unexpectedly.
Error,2026-06-16 01:24:00,Microsoft-Windows-DistributedCOM,10010,None,An application stopped responding.
Warning,2026-06-16 01:46:00,Microsoft-Windows-DistributedCOM,10016,None,A device reported a recoverable condition.
Warning,2026-06-16 01:48:00,Microsoft-Windows-WindowsUpdateClient,19,None,The application-specific permission settings do not grant Local Activation permission.
Error,2026-06-16 02:05:00,Microsoft-Windows-DistributedCOM,10010,None,A user logon attempt failed.
Error,2026-06-16 02:07:00,Microsoft-Windows-DistributedCOM,10016,None,An update could not be installed.
Information,2026-06-16 03:49:00,Service Control Manager,7001,None,A Windows service changed state.
Information,2026-06-16 04:16:00,Microsoft-Windows-DistributedCOM,10016,None,The operation completed successfully.
Information,2026-06-16 04:17:00,Microsoft-Windows-DistributedCOM,10010,None,A Windows service changed state.
Information,2026-06-16 04:46:00,Microsoft-Windows-DistributedCOM,10010,None,The operation completed successfully.
Warning,2026-06-16 05:06:00,Service Control Manager,7031,None,A service took longer than expected to respond.
Warning,2026-06-16 06:08:00,Microsoft-Windows-DistributedCOM,10010,None,The application-specific permission settings do not grant Local Activation permission.
Information,2026-06-16 06:16:00,Microsoft-Windows-DistributedCOM,10016,None,A Windows service changed state.
Warning,2026-06-16 06:39:00,Microsoft-Windows-Kernel-Power,109,None,A device reported a recoverable condition.
Warning,2026-06-16 07:55:00,Microsoft-Windows-WindowsUpdateClient,20,None,The application-specific permission settings do not grant Local Activation permission.
Error,2026-06-16 09:13:00,Microsoft-Windows-DistributedCOM,10010,None,A user logon attempt failed.
Information,2026-06-16 10:12:00,Microsoft-Windows-DistributedCOM,10010,None,A Windows service changed state.
Information,2026-06-16 10:16:00,Microsoft-Windows-WindowsUpdateClient,31,None,A Windows service changed state.
Warning,2026-06-16 10:46:00,Winlogon,6005,None,The application-specific permission settings do not grant Local Activation permission.
Information,2026-06-16 11:16:00,Microsoft-Windows-DistributedCOM,10010,None,A Windows service changed state.
Information,2026-06-16 11:24:00,Winlogon,6005,None,A Windows service changed state.
Information,2026-06-16 11:44:00,Application Error,1000,None,A Windows service changed state.
Information,2026-06-16 11:44:00,Microsoft-Windows-Security-Auditing,4624,None,A Windows service changed state.
Information,2026-06-16 12:26:00,Microsoft-Windows-WindowsUpdateClient,43,None,The update operation completed.
Warning,2026-06-16 14:11:00,Microsoft-Windows-DistributedCOM,10016,None,A service took longer than expected to respond.
Warning,2026-06-16 14:14:00,Microsoft-Windows-WindowsUpdateClient,43,None,The application-specific permission settings do not grant Local Activation permission.
Error,2026-06-16 14:37:00,Microsoft-Windows-DistributedCOM,10016,None,A service terminated unexpectedly.
Warning,2026-06-16 15:12:00,Service Control Manager,7001,None,The application-specific permission settings do not grant Local Activation permission.
Information,2026-06-16 15:32:00,Microsoft-Windows-DistributedCOM,10016,None,The update operation completed.
Information,2026-06-16 15:46:00,Microsoft-Windows-DistributedCOM,10010,None,A user session was started.
Information,2026-06-16 16:25:00,Microsoft-Windows-DriverFrameworks-UserMode,10111,None,The operation completed successfully.
Information,2026-06-16 16:51:00,Microsoft-Windows-Kernel-Power,41,None,A Windows service changed state.
Error,2026-06-16 17:16:00,Microsoft-Windows-DistributedCOM,10010,None,A user logon attempt failed.
Warning,2026-06-16 17:24:00,Microsoft-Windows-WindowsUpdateClient,20,None,A service took longer than expected to respond.
Warning,2026-06-16 17:35:00,Microsoft-Windows-DistributedCOM,10010,None,A service took longer than expected to respond.
Warning,2026-06-16 17:47:00,Microsoft-Windows-DistributedCOM,10016,None,A service took longer than expected to respond.
Error,2026-06-16 18:00:00,Microsoft-Windows-DistributedCOM,10010,None,An update could not be installed.
Information,2026-06-16 18:17:00,Service Control Manager,7040,None,The update operation completed.
Information,2026-06-16 19:12:00,Application Error,1000,None,A Windows service changed state.
Information,2026-06-16 19:33:00,Microsoft-Windows-DistributedCOM,10010,None,A user session was started.
Warning,2026-06-16 19:34:00,Microsoft-Windows-DistributedCOM,10010,None,The application-specific permission settings do not grant Local Activation permission.
Information,2026-06-16 20:26:00,Microsoft-Windows-DistributedCOM,10010,None,The update operation completed.
Warning,2026-06-16 20:26:00,Service Control Manager,7000,None,The application-specific permission settings do not grant Local Activation permission.
Information,2026-06-16 20:26:00,Microsoft-Windows-Security-Auditing,4624,None,A user session was started.
Information,2026-06-16 21:07:00,Application Error,1001,None,A user session was started.
Information,2026-06-16 21:14:00,Service Control Manager,7031,None,The update operation completed.
Information,2026-06-16 22:21:00,Microsoft-Windows-Security-Auditing,4624,None,The operation completed successfully.
Information,2026-06-16 22:23:00,Service Control Manager,7001,None,The operation completed successfully.
Warning,2026-06-16 22:46:00,Microsoft-Windows-WindowsUpdateClient,19,None,A device reported a recoverable condition.
Warning,2026-06-16 23:49:00,Microsoft-Windows-DistributedCOM,10010,None,A service took longer than expected to respond.
Information,2026-06-17 00:44:00,Microsoft-Windows-DistributedCOM,10016,None,The update operation completed.
Information,2026-06-17 01:11:00,Service Control Manager,7000,None,The operation completed successfully.
Error,2026-06-17 01:14:00,Service Control Manager,7040,None,An application stopped responding.
Information,2026-06-17 01:44:00,Microsoft-Windows-WindowsUpdateClient,31,None,A user session was started.
Information,2026-06-17 02:25:00,Microsoft-Windows-Security-Auditing,4624,None,A user session was started.
Warning,2026-06-17 02:36:00,Service Control Manager,7031,None,A service took longer than expected to respond.
Information,2026-06-17 02:59:00,Service Control Manager,7040,None,A user session was started.
Information,2026-06-17 03:38:00,Microsoft-Windows-Kernel-Power,41,None,A user session was started.
Information,2026-06-17 04:06:00,Microsoft-Windows-WindowsUpdateClient,31,None,A Windows service changed state.
Information,2026-06-17 04:12:00,Service Control Manager,7000,None,The operation completed successfully.
Information,2026-06-17 05:07:00,Service Control Manager,7040,None,A Windows service changed state.
Error,2026-06-17 06:30:00,Winlogon,6005,None,An application stopped responding.
Warning,2026-06-17 06:40:00,Microsoft-Windows-WindowsUpdateClient,43,None,A device reported a recoverable condition.
Warning,2026-06-17 06:57:00,Microsoft-Windows-DistributedCOM,10016,None,The application-specific permission settings do not grant Local Activation permission.
Information,2026-06-17 08:16:00,Microsoft-Windows-DistributedCOM,10010,None,A user session was started.
Information,2026-06-17 10:00:00,Winlogon,6005,None,The operation completed successfully.
Error,2026-06-17 10:15:00,Microsoft-Windows-DistributedCOM,10016,None,An update could not be installed.
Warning,2026-06-17 11:53:00,Microsoft-Windows-WindowsUpdateClient,43,None,The application-specific permission settings do not grant Local Activation permission.
Warning,2026-06-17 12:29:00,Microsoft-Windows-DistributedCOM,10016,None,A device reported a recoverable condition.
Warning,2026-06-17 13:03:00,Microsoft-Windows-DistributedCOM,10010,None,A service took longer than expected to respond.
Information,2026-06-17 13:07:00,Microsoft-Windows-Security-Auditing,4634,None,A user session was started.
Warning,2026-06-17 13:54:00,Service Control Manager,7040,None,A service took longer than expected to respond.
Information,2026-06-17 14:00:00,Microsoft-Windows-DistributedCOM,10016,None,A Windows service changed state.
Warning,2026-06-17 14:22:00,Microsoft-Windows-DistributedCOM,10016,None,A device reported a recoverable condition.
Warning,2026-06-17 14:51:00,Service Control Manager,7001,None,A service took longer than expected to respond.
Information,2026-06-17 15:59:00,Service Control Manager,7001,None,The operation completed successfully.
Information,2026-06-17 18:10:00,Service Control Manager,7040,None,The operation completed successfully.
Information,2026-06-17 18:12:00,Application Error,1000,None,The operation completed successfully.
Information,2026-06-17 18:39:00,Microsoft-Windows-WindowsUpdateClient,31,None,A user session was started.
Warning,2026-06-17 18:51:00,Microsoft-Windows-DistributedCOM,10010,None,A service took longer than expected to respond.
Information,2026-06-17 18:55:00,Microsoft-Windows-WindowsUpdateClient,43,None,The update operation completed.
Error,2026-06-17 19:09:00,Microsoft-Windows-DistributedCOM,10016,None,An update could not be installed.
Warning,2026-06-17 19:50:00,Microsoft-Windows-DistributedCOM,10016,None,A service took longer than expected to respond.
Information,2026-06-17 20:23:00,Microsoft-Windows-DistributedCOM,10016,None,The update operation completed.
Error,2026-06-17 20:24:00,Microsoft-Windows-WindowsUpdateClient,31,None,A user logon attempt failed.
Information,2026-06-17 20:53:00,Service Control Manager,7001,None,A Windows service changed state.
Information,2026-06-17 21:18:00,Microsoft-Windows-WindowsUpdateClient,31,None,The operation completed successfully.
Information,2026-06-17 22:21:00,Microsoft-Windows-DistributedCOM,10010,None,A user session was started.
Information,2026-06-17 22:32:00,Microsoft-Windows-DriverFrameworks-UserMode,10110,None,The operation completed successfully.
Information,2026-06-17 23:01:00,Microsoft-Windows-DistributedCOM,10016,None,A user session was started.
Information,2026-06-17 23:04:00,Microsoft-Windows-DistributedCOM,10010,None,A Windows service changed state.
Error,2026-06-17 23:43:00,Microsoft-Windows-DistributedCOM,10010,None,A service terminated unexpectedly.
Warning,2026-06-18 00:50:00,Service Control Manager,7001,None,A service took longer than expected to respond.
Information,2026-06-18 01:48:00,Microsoft-Windows-WindowsUpdateClient,19,None,A user session was started.
Information,2026-06-18 01:53:00,Service Control Manager,7031,None,The operation completed successfully.
Warning,2026-06-18 02:12:00,Service Control Manager,7031,None,The application-specific permission settings do not grant Local Activation permission.
Warning,2026-06-18 02:23:00,Microsoft-Windows-WindowsUpdateClient,31,None,A service took longer than expected to respond.
Information,2026-06-18 02:36:00,Application Error,1000,None,A Windows service changed state.
Warning,2026-06-18 03:32:00,Service Control Manager,7040,None,The application-specific permission settings do not grant Local Activation permission.
Warning,2026-06-18 04:14:00,Microsoft-Windows-DistributedCOM,10016,None,A service took longer than expected to respond.
Warning,2026-06-18 04:54:00,Microsoft-Windows-WindowsUpdateClient,19,None,The application-specific permission settings do not grant Local Activation permission.
Information,2026-06-18 04:58:00,Microsoft-Windows-DistributedCOM,10016,None,The update operation completed.
Error,2026-06-18 05:13:00,Application Error,1000,None,An update could not be installed.
Information,2026-06-18 06:00:00,Microsoft-Windows-DistributedCOM,10010,None,The operation completed successfully.
Warning,2026-06-18 07:02:00,Service Control Manager,7000,None,A device reported a recoverable condition.
Information,2026-06-18 08:40:00,Microsoft-Windows-DistributedCOM,10010,None,The operation completed successfully.
Information,2026-06-18 09:33:00,Winlogon,6005,None,A user session was started.
Error,2026-06-18 09:36:00,Microsoft-Windows-WindowsUpdateClient,19,None,An update could not be installed.
Information,2026-06-18 09:37:00,Microsoft-Windows-Security-Auditing,4634,None,A Windows service changed state.
Warning,2026-06-18 11:11:00,Microsoft-Windows-WindowsUpdateClient,20,None,The application-specific permission settings do not grant Local Activation permission.
Error,2026-06-18 11:11:00,Winlogon,6006,None,An update could not be installed.
Information,2026-06-18 11:20:00,Microsoft-Windows-DistributedCOM,10016,None,The operation completed successfully.
Critical,2026-06-18 11:34:00,Microsoft-Windows-WindowsUpdateClient,20,None,A critical system component stopped unexpectedly.
Warning,2026-06-18 11:39:00,Service Control Manager,7040,None,A service took longer than expected to respond.
Warning,2026-06-18 12:29:00,Microsoft-Windows-DistributedCOM,10010,None,The application-specific permission settings do not grant Local Activation permission.
Information,2026-06-18 12:34:00,Microsoft-Windows-DistributedCOM,10010,None,A user session was started.
Warning,2026-06-18 13:02:00,Microsoft-Windows-DistributedCOM,10010,None,The application-specific permission settings do not grant Local Activation permission.
Information,2026-06-18 15:06:00,Microsoft-Windows-Kernel-Power,109,None,A user session was started.
Information,2026-06-18 15:19:00,Service Control Manager,7001,None,The operation completed successfully.
Information,2026-06-18 15:41:00,Microsoft-Windows-DistributedCOM,10016,None,A user session was started.
Information,2026-06-18 15:45:00,Microsoft-Windows-DistributedCOM,10016,None,The operation completed successfully.
Information,2026-06-18 15:54:00,Service Control Manager,7001,None,The update operation completed.
Warning,2026-06-18 16:01:00,Microsoft-Windows-Kernel-Power,109,None,A device reported a recoverable condition.
Information,2026-06-18 16:18:00,Microsoft-Windows-DistributedCOM,10016,None,A user session was started.
Warning,2026-06-18 16:22:00,Microsoft-Windows-DistributedCOM,10010,None,A device reported a recoverable condition.
Information,2026-06-18 16:33:00,Microsoft-Windows-Security-Auditing,4624,None,A user session was started.
Information,2026-06-18 16:36:00,Service Control Manager,7000,None,The operation completed successfully.
Information,2026-06-18 16:44:00,Application Error,1001,None,The operation completed successfully.
Information,2026-06-18 16:58:00,Microsoft-Windows-DistributedCOM,10016,None,A Windows service changed state.
Information,2026-06-18 17:19:00,Microsoft-Windows-DistributedCOM,10010,None,A Windows service changed state.
Information,2026-06-18 17:50:00,Service Control Manager,7040,None,The update operation completed.
Error,2026-06-18 18:01:00,Microsoft-Windows-DistributedCOM,10016,None,A service terminated unexpectedly.
Information,2026-06-18 18:07:00,Service Control Manager,7000,None,A Windows service changed state.
Information,2026-06-18 18:10:00,Microsoft-Windows-DistributedCOM,10010,None,A user session was started.
Information,2026-06-18 18:12:00,Service Control Manager,7040,None,The operation completed successfully.
Information,2026-06-18 20:14:00,Microsoft-Windows-DriverFrameworks-UserMode,10111,None,A user session was started.
Information,2026-06-18 20:55:00,Microsoft-Windows-Security-Auditing,4624,None,A user session was started.
Error,2026-06-18 21:08:00,Service Control Manager,7031,None,An application stopped responding.
Information,2026-06-18 21:18:00,Service Control Manager,7040,None,A user session was started.
Warning,2026-06-18 21:35:00,Service Control Manager,7001,None,A device reported a recoverable condition.
Error,2026-06-18 21:57:00,Microsoft-Windows-DistributedCOM,10016,None,A user logon attempt failed.
Warning,2026-06-18 23:07:00,Service Control Manager,7001,None,A service took longer than expected to respond.
Information,2026-06-19 00:07:00,Microsoft-Windows-DistributedCOM,10010,None,A Windows service changed state.
Information,2026-06-19 00:15:00,Service Control Manager,7031,None,A user session was started.
Information,2026-06-19 00:15:00,Microsoft-Windows-DistributedCOM,10010,None,A user session was started.
Information,2026-06-19 00:16:00,Microsoft-Windows-Security-Auditing,4624,None,The operation completed successfully.
Information,2026-06-19 00:34:00,Microsoft-Windows-WindowsUpdateClient,43,None,A user session was started.
Information,2026-06-19 00:38:00,Microsoft-Windows-WindowsUpdateClient,20,None,A Windows service changed state.
Information,2026-06-19 00:39:00,Microsoft-Windows-DistributedCOM,10010,None,The update operation completed.
Information,2026-06-19 01:01:00,Microsoft-Windows-DistributedCOM,10010,None,The update operation completed.
Warning,2026-06-19 01:08:00,Microsoft-Windows-DistributedCOM,10016,None,A service took longer than expected to respond.
Information,2026-06-19 01:17:00,Microsoft-Windows-WindowsUpdateClient,20,None,A user session was started.
Warning,2026-06-19 01:25:00,Microsoft-Windows-DistributedCOM,10010,None,A service took longer than expected to respond.
Information,2026-06-19 01:42:00,Service Control Manager,7040,None,The update operation completed.
Warning,2026-06-19 01:49:00,Microsoft-Windows-DistributedCOM,10010,None,A device reported a recoverable condition.
Information,2026-06-19 01:55:00,Microsoft-Windows-DistributedCOM,10010,None,The operation completed successfully.
Error,2026-06-19 02:05:00,Microsoft-Windows-DistributedCOM,10010,None,A service terminated unexpectedly.
Information,2026-06-19 02:06:00,Microsoft-Windows-Security-Auditing,4624,None,A user session was started.
Information,2026-06-19 02:15:00,Winlogon,6005,None,A Windows service changed state.
Warning,2026-06-19 02:32:00,Microsoft-Windows-WindowsUpdateClient,19,None,A service took longer than expected to respond.
Information,2026-06-19 02:35:00,Microsoft-Windows-DistributedCOM,10010,None,The operation completed successfully.
Information,2026-06-19 02:36:00,Microsoft-Windows-DistributedCOM,10016,None,A Windows service changed state.
Information,2026-06-19 02:44:00,Microsoft-Windows-WindowsUpdateClient,19,None,The operation completed successfully.
Information,2026-06-19 02:59:00,Microsoft-Windows-DistributedCOM,10010,None,The update operation completed.
Information,2026-06-19 03:16:00,Microsoft-Windows-DistributedCOM,10010,None,The update operation completed.
Warning,2026-06-19 03:44:00,Service Control Manager,7040,None,A service took longer than expected to respond.
Warning,2026-06-19 03:49:00,Microsoft-Windows-WindowsUpdateClient,31,None,A service took longer than expected to respond.
Critical,2026-06-19 03:51:00,Microsoft-Windows-WindowsUpdateClient,31,None,The system rebooted without cleanly shutting down first.
Information,2026-06-19 03:57:00,Microsoft-Windows-DistributedCOM,10016,None,The operation completed successfully.
Information,2026-06-19 03:59:00,Microsoft-Windows-DistributedCOM,10016,None,The update operation completed.
Information,2026-06-19 04:06:00,Service Control Manager,7000,None,The operation completed successfully.
Warning,2026-06-19 04:07:00,Microsoft-Windows-WindowsUpdateClient,43,None,A service took longer than expected to respond.
Warning,2026-06-19 04:12:00,Microsoft-Windows-DistributedCOM,10016,None,The application-specific permission settings do not grant Local Activation permission.
Error,2026-06-19 04:13:00,Microsoft-Windows-DistributedCOM,10016,None,An application stopped responding.
Warning,2026-06-19 04:17:00,Microsoft-Windows-DistributedCOM,10016,None,A device reported a recoverable condition.
Information,2026-06-19 04:17:00,Winlogon,6006,None,A Windows service changed state.
Critical,2026-06-19 04:26:00,Microsoft-Windows-DistributedCOM,10016,None,The system rebooted without cleanly shutting down first.
Information,2026-06-19 04:26:00,Service Control Manager,7040,None,The update operation completed.
Warning,2026-06-19 04:33:00,Microsoft-Windows-Kernel-Power,109,None,A device reported a recoverable condition.
Warning,2026-06-19 04:37:00,Service Control Manager,7040,None,The application-specific permission settings do not grant Local Activation permission.
Warning,2026-06-19 04:52:00,Microsoft-Windows-WindowsUpdateClient,43,None,The application-specific permission settings do not grant Local Activation permission.
Information,2026-06-19 04:53:00,Microsoft-Windows-Kernel-Power,41,None,A Windows service changed state.
Information,2026-06-19 04:58:00,Microsoft-Windows-WindowsUpdateClient,31,None,The update operation completed.
Warning,2026-06-19 05:03:00,Microsoft-Windows-DistributedCOM,10010,None,A service took longer than expected to respond.
Warning,2026-06-19 05:27:00,Microsoft-Windows-Security-Auditing,4625,None,A service took longer than expected to respond.
Error,2026-06-19 05:28:00,Microsoft-Windows-DistributedCOM,10016,None,A user logon attempt failed.
Information,2026-06-19 05:46:00,Application Error,1001,None,A Windows service changed state.
Information,2026-06-19 05:46:00,Microsoft-Windows-DistributedCOM,10016,None,A user session was started.
Warning,2026-06-19 05:55:00,Microsoft-Windows-DistributedCOM,10016,None,A service took longer than expected to respond.
Information,2026-06-19 06:07:00,Microsoft-Windows-DistributedCOM,10016,None,The operation completed successfully.
Warning,2026-06-19 06:08:00,Microsoft-Windows-DistributedCOM,10010,None,The application-specific permission settings do not grant Local Activation permission.
Warning,2026-06-19 06:09:00,Service Control Manager,7001,None,The application-specific permission settings do not grant Local Activation permission.
Information,2026-06-19 06:10:00,Microsoft-Windows-Security-Auditing,4624,None,A Windows service changed state.
Information,2026-06-19 06:13:00,Microsoft-Windows-Kernel-Power,109,None,The update operation completed.
Information,2026-06-19 06:21:00,Microsoft-Windows-DistributedCOM,10016,None,The update operation completed.
Information,2026-06-19 06:27:00,Microsoft-Windows-Security-Auditing,4634,None,A Windows service changed state.
Information,2026-06-19 06:39:00,Microsoft-Windows-DistributedCOM,10016,None,A user session was started.
Information,2026-06-19 06:40:00,Microsoft-Windows-WindowsUpdateClient,19,None,A Windows service changed state.
Information,2026-06-19 06:47:00,Microsoft-Windows-DistributedCOM,10016,None,The operation completed successfully.
Critical,2026-06-19 06:52:00,Microsoft-Windows-DriverFrameworks-UserMode,10111,None,The system rebooted without cleanly shutting down first.
Information,2026-06-19 06:52:00,Microsoft-Windows-DistributedCOM,10016,None,A user session was started.
Information,2026-06-19 06:53:00,Service Control Manager,7001,None,The operation completed successfully.
Error,2026-06-19 07:05:00,Microsoft-Windows-WindowsUpdateClient,43,None,An update could not be installed.
Information,2026-06-19 07:17:00,Microsoft-Windows-DistributedCOM,10010,None,A Windows service changed state.
Warning,2026-06-19 07:22:00,Microsoft-Windows-WindowsUpdateClient,19,None,A device reported a recoverable condition.
Error,2026-06-19 07:23:00,Microsoft-Windows-DriverFrameworks-UserMode,10110,None,An application stopped responding.
Information,2026-06-19 07:27:00,Microsoft-Windows-DistributedCOM,10010,None,The operation completed successfully.
Error,2026-06-19 07:38:00,Service Control Manager,7000,None,A user logon attempt failed.
Warning,2026-06-19 07:51:00,Microsoft-Windows-WindowsUpdateClient,19,None,A device reported a recoverable condition.
Information,2026-06-19 07:53:00,Microsoft-Windows-DistributedCOM,10016,None,A Windows service changed state.
Warning,2026-06-19 07:54:00,Microsoft-Windows-WindowsUpdateClient,31,None,A device reported a recoverable condition.
Warning,2026-06-19 08:14:00,Microsoft-Windows-DistributedCOM,10016,None,A service took longer than expected to respond.
Information,2026-06-19 08:14:00,Microsoft-Windows-Security-Auditing,4634,None,The update operation completed.
Information,2026-06-19 08:24:00,Microsoft-Windows-WindowsUpdateClient,19,None,The operation completed successfully.
Warning,2026-06-19 08:31:00,Winlogon,6005,None,The application-specific permission settings do not grant Local Activation permission.
Information,2026-06-19 08:33:00,Microsoft-Windows-Security-Auditing,4624,None,The operation completed successfully.
Information,2026-06-19 08:36:00,Microsoft-Windows-WindowsUpdateClient,19,None,The update operation completed.
Information,2026-06-19 08:36:00,Microsoft-Windows-DistributedCOM,10016,None,A user session was started.
Information,2026-06-19 08:37:00,Microsoft-Windows-DistributedCOM,10010,None,The operation completed successfully.
Information,2026-06-19 08:46:00,Microsoft-Windows-WindowsUpdateClient,31,None,A user session was started.
Warning,2026-06-19 08:55:00,Microsoft-Windows-DistributedCOM,10010,None,A device reported a recoverable condition.
Information,2026-06-19 08:58:00,Microsoft-Windows-Kernel-Power,109,None,The update operation completed.
Warning,2026-06-19 09:06:00,Service Control Manager,7001,None,A service took longer than expected to respond.
Information,2026-06-19 09:06:00,Service Control Manager,7040,None,The update operation completed.
Warning,2026-06-19 09:22:00,Microsoft-Windows-Security-Auditing,4625,None,The application-specific permission settings do not grant Local Activation permission.
Information,2026-06-19 09:25:00,Microsoft-Windows-DistributedCOM,10010,None,The update operation completed.
Information,2026-06-19 09:43:00,Service Control Manager,7001,None,A user session was started.
Information,2026-06-19 09:43:00,Microsoft-Windows-Security-Auditing,4634,None,A user session was started.
Information,2026-06-19 09:52:00,Microsoft-Windows-Security-Auditing,4624,None,The update operation completed.
Information,2026-06-19 09:54:00,Microsoft-Windows-DistributedCOM,10016,None,The update operation completed.
Information,2026-06-19 10:06:00,Application Error,1001,None,A user session was started.
Information,2026-06-19 10:24:00,Microsoft-Windows-Kernel-Power,41,None,A user session was started.
Information,2026-06-19 10:25:00,Application Error,1000,None,A user session was started.
Information,2026-06-19 10:34:00,Service Control Manager,7000,None,A Windows service changed state.
Information,2026-06-19 10:46:00,Microsoft-Windows-DistributedCOM,10016,None,The operation completed successfully.
Error,2026-06-19 10:53:00,Application Error,1000,None,An update could not be installed.
Warning,2026-06-19 10:54:00,Application Error,1001,None,The application-specific permission settings do not grant Local Activation permission.
Warning,2026-06-19 11:03:00,Winlogon,6006,None,The application-specific permission settings do not grant Local Activation permission.
Information,2026-06-19 11:21:00,Service Control Manager,7040,None,A user session was started.
Warning,2026-06-19 11:22:00,Microsoft-Windows-DistributedCOM,10010,None,The application-specific permission settings do not grant Local Activation permission.
Information,2026-06-19 11:32:00,Service Control Manager,7031,None,A user session was started.
Information,2026-06-19 11:33:00,Microsoft-Windows-WindowsUpdateClient,31,None,The update operation completed.
Error,2026-06-19 11:36:00,Microsoft-Windows-DistributedCOM,10010,None,A user logon attempt failed.
Information,2026-06-19 11:50:00,Microsoft-Windows-Kernel-Power,109,None,The update operation completed.
Error,2026-06-19 11:53:00,Microsoft-Windows-DistributedCOM,10016,None,An application stopped responding.
Information,2026-06-19 11:59:00,Service Control Manager,7031,None,The update operation completed.
Information,2026-06-19 12:01:00,Microsoft-Windows-Security-Auditing,4634,None,The update operation completed.
Warning,2026-06-19 12:04:00,Service Control Manager,7040,None,The application-specific permission settings do not grant Local Activation permission.
Warning,2026-06-19 12:09:00,Microsoft-Windows-DistributedCOM,10016,None,The application-specific permission settings do not grant Local Activation permission.
Information,2026-06-19 12:17:00,Microsoft-Windows-Security-Auditing,4624,None,A user session was started.
Information,2026-06-19 12:35:00,Microsoft-Windows-Security-Auditing,4634,None,The operation completed successfully.
Information,2026-06-19 12:37:00,Microsoft-Windows-Security-Auditing,4624,None,The operation completed successfully.
Information,2026-06-19 12:50:00,Microsoft-Windows-DriverFrameworks-UserMode,10111,None,A Windows service changed state.
Error,2026-06-19 12:54:00,Application Error,1000,None,A user logon attempt failed.
Warning,2026-06-19 12:57:00,Application Error,1000,None,A device reported a recoverable condition.
Information,2026-06-19 13:02:00,Microsoft-Windows-Kernel-Power,41,None,The update operation completed.
Information,2026-06-19 13:13:00,Microsoft-Windows-Kernel-Power,109,None,A Windows service changed state.
Information,2026-06-19 13:22:00,Service Control Manager,7040,None,A user session was started.
Information,2026-06-19 13:22:00,Service Control Manager,7001,None,A user session was started.
Error,2026-06-19 13:26:00,Microsoft-Windows-WindowsUpdateClient,20,None,An update could not be installed.
Information,2026-06-19 13:27:00,Microsoft-Windows-DistributedCOM,10010,None,The operation completed successfully.
Warning,2026-06-19 13:34:00,Winlogon,6006,None,A service took longer than expected to respond.
Error,2026-06-19 13:55:00,Microsoft-Windows-DriverFrameworks-UserMode,10111,None,A user logon attempt failed.
Information,2026-06-19 13:57:00,Service Control Manager,7000,None,A Windows service changed state.
Information,2026-06-19 13:59:00,Microsoft-Windows-WindowsUpdateClient,31,None,A user session was started.
Information,2026-06-19 14:12:00,Microsoft-Windows-DistributedCOM,10010,None,A user session was started.
Information,2026-06-19 14:14:00,Service Control Manager,7000,None,The operation completed successfully.
Information,2026-06-19 14:17:00,Service Control Manager,7040,None,A Windows service changed state.
Information,2026-06-19 14:20:00,Service Control Manager,7031,None,A Windows service changed state.
Information,2026-06-19 14:22:00,Microsoft-Windows-DistributedCOM,10016,None,The update operation completed.
Information,2026-06-19 14:23:00,Microsoft-Windows-WindowsUpdateClient,19,None,The update operation completed.
Information,2026-06-19 14:23:00,Service Control Manager,7001,None,A Windows service changed state.
Warning,2026-06-19 14:23:00,Winlogon,6005,None,The application-specific permission settings do not grant Local Activation permission.
Warning,2026-06-19 14:38:00,Winlogon,6005,None,A service took longer than expected to respond.
Information,2026-06-19 14:44:00,Microsoft-Windows-Kernel-Power,41,None,The operation completed successfully.
Warning,2026-06-19 14:45:00,Microsoft-Windows-Kernel-Power,109,None,A service took longer than expected to respond.
Critical,2026-06-19 14:56:00,Microsoft-Windows-DistributedCOM,10010,None,A critical system component stopped unexpectedly.
Information,2026-06-19 14:58:00,Microsoft-Windows-Security-Auditing,4634,None,The update operation completed.
Information,2026-06-19 15:09:00,Microsoft-Windows-Security-Auditing,4624,None,A Windows service changed state.
Warning,2026-06-19 15:15:00,Service Control Manager,7000,None,A device reported a recoverable condition.
Warning,2026-06-19 15:16:00,Microsoft-Windows-DistributedCOM,10016,None,A device reported a recoverable condition.
Information,2026-06-19 15:28:00,Microsoft-Windows-WindowsUpdateClient,43,None,The operation completed successfully.
Information,2026-06-19 15:29:00,Winlogon,6006,None,A user session was started.
Information,2026-06-19 15:31:00,Service Control Manager,7000,None,The update operation completed.
Critical,2026-06-19 15:51:00,Application Error,1001,None,The system rebooted without cleanly shutting down first.
Error,2026-06-19 16:02:00,Microsoft-Windows-WindowsUpdateClient,20,None,An application stopped responding.
Information,2026-06-19 16:04:00,Microsoft-Windows-Security-Auditing,4624,None,A Windows service changed state.
Warning,2026-06-19 16:06:00,Microsoft-Windows-DriverFrameworks-UserMode,10111,None,A service took longer than expected to respond.
Warning,2026-06-19 16:08:00,Microsoft-Windows-WindowsUpdateClient,43,None,A service took longer than expected to respond.
Information,2026-06-19 16:09:00,Microsoft-Windows-WindowsUpdateClient,43,None,The update operation completed.
Information,2026-06-19 16:10:00,Microsoft-Windows-Security-Auditing,4624,None,The operation completed successfully.
Warning,2026-06-19 16:14:00,Microsoft-Windows-WindowsUpdateClient,20,None,A service took longer than expected to respond.
Information,2026-06-19 16:15:00,Microsoft-Windows-Security-Auditing,4624,None,A Windows service changed state.
Information,2026-06-19 16:26:00,Microsoft-Windows-DistributedCOM,10016,None,The update operation completed.
Information,2026-06-19 16:30:00,Microsoft-Windows-Security-Auditing,4624,None,A Windows service changed state.
Warning,2026-06-19 16:44:00,Service Control Manager,7031,None,A device reported a recoverable condition.
Warning,2026-06-19 16:48:00,Application Error,1000,None,A service took longer than expected to respond.
Information,2026-06-19 16:50:00,Microsoft-Windows-DistributedCOM,10010,None,A Windows service changed state.
Error,2026-06-19 16:55:00,Service Control Manager,7001,None,A service terminated unexpectedly.
Warning,2026-06-19 17:06:00,Microsoft-Windows-DistributedCOM,10016,None,A service took longer than expected to respond.
Information,2026-06-19 17:14:00,Microsoft-Windows-DistributedCOM,10010,None,The update operation completed.
Information,2026-06-19 17:16:00,Microsoft-Windows-WindowsUpdateClient,43,None,A Windows service changed state.
Information,2026-06-19 17:23:00,Application Error,1000,None,The update operation completed.
Information,2026-06-19 17:25:00,Microsoft-Windows-Security-Auditing,4624,None,A user session was started.
Information,2026-06-19 17:26:00,Microsoft-Windows-DistributedCOM,10016,None,A Windows service changed state.
Warning,2026-06-19 17:27:00,Application Error,1001,None,A device reported a recoverable condition.
Information,2026-06-19 17:36:00,Winlogon,6006,None,The update operation completed.
Information,2026-06-19 17:45:00,Microsoft-Windows-DriverFrameworks-UserMode,10111,None,The operation completed successfully.
Information,2026-06-19 17:46:00,Microsoft-Windows-DistributedCOM,10010,None,The operation completed successfully.
Warning,2026-06-19 17:57:00,Microsoft-Windows-WindowsUpdateClient,43,None,The application-specific permission settings do not grant Local Activation permission.
Warning,2026-06-19 18:03:00,Service Control Manager,7000,None,The application-specific permission settings do not grant Local Activation permission.
Information,2026-06-19 18:24:00,Microsoft-Windows-WindowsUpdateClient,19,None,A user session was started.
Information,2026-06-19 18:41:00,Microsoft-Windows-DistributedCOM,10010,None,A user session was started.
Information,2026-06-19 18:54:00,Microsoft-Windows-Kernel-Power,41,None,The update operation completed.
Information,2026-06-19 19:07:00,Service Control Manager,7000,None,A Windows service changed state.
Information,2026-06-19 19:10:00,Service Control Manager,7000,None,A Windows service changed state.
Warning,2026-06-19 19:12:00,Microsoft-Windows-DistributedCOM,10016,None,A service took longer than expected to respond.
Information,2026-06-19 19:20:00,Microsoft-Windows-WindowsUpdateClient,20,None,The operation completed successfully.
Information,2026-06-19 19:22:00,Winlogon,6006,None,A Windows service changed state.
Information,2026-06-19 19:23:00,Microsoft-Windows-DriverFrameworks-UserMode,10110,None,A Windows service changed state.
Critical,2026-06-19 19:24:00,Microsoft-Windows-DriverFrameworks-UserMode,10110,None,A critical system component stopped unexpectedly.
Warning,2026-06-19 19:37:00,Winlogon,6005,None,A service took longer than expected to respond.
Information,2026-06-19 19:47:00,Application Error,1000,None,A user session was started.
Information,2026-06-19 19:53:00,Microsoft-Windows-DriverFrameworks-UserMode,10110,None,A user session was started.
Information,2026-06-19 19:58:00,Microsoft-Windows-Kernel-Power,109,None,The operation completed successfully.
Information,2026-06-19 19:59:00,Microsoft-Windows-Kernel-Power,109,None,A Windows service changed state.
Warning,2026-06-19 20:00:00,Winlogon,6005,None,The application-specific permission settings do not grant Local Activation permission.
Information,2026-06-19 20:04:00,Microsoft-Windows-WindowsUpdateClient,43,None,The update operation completed.
Information,2026-06-19 20:07:00,Service Control Manager,7040,None,A Windows service changed state.
Error,2026-06-19 20:11:00,Microsoft-Windows-DistributedCOM,10010,None,An application stopped responding.
Information,2026-06-19 20:12:00,Microsoft-Windows-DistributedCOM,10016,None,The update operation completed.
Information,2026-06-19 20:18:00,Service Control Manager,7001,None,The update operation completed.
Information,2026-06-19 20:23:00,Microsoft-Windows-DistributedCOM,10016,None,A user session was started.
Information,2026-06-19 20:25:00,Microsoft-Windows-DistributedCOM,10016,None,A Windows service changed state.
Information,2026-06-19 20:38:00,Microsoft-Windows-WindowsUpdateClient,19,None,The operation completed successfully.
Error,2026-06-19 20:39:00,Application Error,1001,None,A user logon attempt failed.
Information,2026-06-19 20:46:00,Microsoft-Windows-WindowsUpdateClient,31,None,The operation completed successfully.
Information,2026-06-19 20:57:00,Microsoft-Windows-Security-Auditing,4624,None,A user session was started.
Information,2026-06-19 21:16:00,Microsoft-Windows-Kernel-Power,109,None,The update operation completed.
Information,2026-06-19 21:24:00,Microsoft-Windows-WindowsUpdateClient,20,None,The update operation completed.
Information,2026-06-19 21:33:00,Application Error,1001,None,The update operation completed.
Warning,2026-06-19 21:40:00,Microsoft-Windows-DistributedCOM,10016,None,A service took longer than expected to respond.
Error,2026-06-19 21:44:00,Service Control Manager,7031,None,A user logon attempt failed.
Information,2026-06-19 21:45:00,Microsoft-Windows-WindowsUpdateClient,19,None,The operation completed successfully.
Information,2026-06-19 21:58:00,Microsoft-Windows-Kernel-Power,41,None,The operation completed successfully.
Error,2026-06-19 22:12:00,Service Control Manager,7040,None,A user logon attempt failed.
Warning,2026-06-19 22:22:00,Microsoft-Windows-DistributedCOM,10010,None,A device reported a recoverable condition.
Information,2026-06-19 22:41:00,Microsoft-Windows-Kernel-Power,109,None,A user session was started.
Error,2026-06-19 22:43:00,Microsoft-Windows-DistributedCOM,10016,None,An update could not be installed.
Warning,2026-06-19 22:44:00,Microsoft-Windows-WindowsUpdateClient,20,None,A service took longer than expected to respond.
Information,2026-06-19 22:48:00,Microsoft-Windows-DistributedCOM,10016,None,A user session was started.
Warning,2026-06-19 22:59:00,Microsoft-Windows-DistributedCOM,10010,None,The application-specific permission settings do not grant Local Activation permission.
Information,2026-06-19 22:59:00,Microsoft-Windows-DriverFrameworks-UserMode,10111,None,The update operation completed.
Information,2026-06-19 23:02:00,Microsoft-Windows-WindowsUpdateClient,31,None,The update operation completed.
Information,2026-06-19 23:07:00,Microsoft-Windows-DistributedCOM,10010,None,A user session was started.
Information,2026-06-19 23:12:00,Microsoft-Windows-Kernel-Power,109,None,A Windows service changed state.
Information,2026-06-19 23:34:00,Application Error,1001,None,A user session was started.
Information,2026-06-19 23:39:00,Microsoft-Windows-WindowsUpdateClient,43,None,The update operation completed.
Warning,2026-06-19 23:47:00,Microsoft-Windows-WindowsUpdateClient,31,None,A device reported a recoverable condition.
Information,2026-06-19 23:55:00,Application Error,1000,None,The operation completed successfully.
Warning,2026-06-20 00:27:00,Service Control Manager,7031,None,A service took longer than expected to respond.
Warning,2026-06-20 02:05:00,Microsoft-Windows-Security-Auditing,4625,None,The application-specific permission settings do not grant Local Activation permission.
Critical,2026-06-20 02:14:00,Microsoft-Windows-WindowsUpdateClient,19,None,A critical system component stopped unexpectedly.
Warning,2026-06-20 02:24:00,Service Control Manager,7040,None,The application-specific permission settings do not grant Local Activation permission.
Error,2026-06-20 02:52:00,Microsoft-Windows-DriverFrameworks-UserMode,10111,None,An application stopped responding.
Information,2026-06-20 03:54:00,Application Error,1000,None,The update operation completed.
Warning,2026-06-20 04:02:00,Microsoft-Windows-WindowsUpdateClient,20,None,A service took longer than expected to respond.
Error,2026-06-20 04:57:00,Microsoft-Windows-WindowsUpdateClient,20,None,A service terminated unexpectedly.
Warning,2026-06-20 04:59:00,Microsoft-Windows-WindowsUpdateClient,43,None,A service took longer than expected to respond.
Warning,2026-06-20 05:04:00,Microsoft-Windows-DistributedCOM,10016,None,A device reported a recoverable condition.
Error,2026-06-20 05:53:00,Microsoft-Windows-WindowsUpdateClient,31,None,An application stopped responding.
Information,2026-06-20 06:12:00,Microsoft-Windows-DistributedCOM,10016,None,A user session was started.
Information,2026-06-20 07:17:00,Microsoft-Windows-DistributedCOM,10010,None,A Windows service changed state.
Information,2026-06-20 07:31:00,Microsoft-Windows-WindowsUpdateClient,19,None,The operation completed successfully.
Warning,2026-06-20 07:32:00,Service Control Manager,7000,None,A service took longer than expected to respond.
Information,2026-06-20 07:41:00,Microsoft-Windows-DistributedCOM,10016,None,The update operation completed.
Information,2026-06-20 07:50:00,Microsoft-Windows-Kernel-Power,41,None,A user session was started.
Information,2026-06-20 07:52:00,Winlogon,6006,None,The operation completed successfully.
Warning,2026-06-20 08:04:00,Microsoft-Windows-DistributedCOM,10010,None,A service took longer than expected to respond.
Information,2026-06-20 08:08:00,Microsoft-Windows-DistributedCOM,10016,None,A user session was started.
Warning,2026-06-20 08:19:00,Microsoft-Windows-DistributedCOM,10016,None,The application-specific permission settings do not grant Local Activation permission.
Warning,2026-06-20 08:47:00,Service Control Manager,7001,None,A service took longer than expected to respond.
Error,2026-06-20 08:58:00,Microsoft-Windows-DistributedCOM,10016,None,An update could not be installed.
Information,2026-06-20 09:08:00,Microsoft-Windows-Security-Auditing,4624,None,A Windows service changed state.
Error,2026-06-20 09:26:00,Service Control Manager,7001,None,A user logon attempt failed.
Information,2026-06-20 10:11:00,Microsoft-Windows-Security-Auditing,4624,None,The update operation completed.
Warning,2026-06-20 10:13:00,Microsoft-Windows-DriverFrameworks-UserMode,10111,None,The application-specific permission settings do not grant Local Activation permission.
Warning,2026-06-20 11:21:00,Microsoft-Windows-Security-Auditing,4625,None,A service took longer than expected to respond.
Information,2026-06-20 11:58:00,Microsoft-Windows-DistributedCOM,10010,None,A user session was started.
Error,2026-06-20 12:19:00,Microsoft-Windows-WindowsUpdateClient,20,None,An update could not be installed.
Information,2026-06-20 13:12:00,Microsoft-Windows-Kernel-Power,109,None,The update operation completed.
Information,2026-06-20 13:19:00,Microsoft-Windows-Security-Auditing,4634,None,The update operation completed.
Information,2026-06-20 13:32:00,Microsoft-Windows-Security-Auditing,4624,None,A Windows service changed state.
Information,2026-06-20 14:20:00,Application Error,1001,None,The update operation completed.
Warning,2026-06-20 14:35:00,Application Error,1000,None,A device reported a recoverable condition.
Warning,2026-06-20 14:51:00,Service Control Manager,7000,None,The application-specific permission settings do not grant Local Activation permission.
Warning,2026-06-20 16:28:00,Microsoft-Windows-DistributedCOM,10016,None,A service took longer than expected to respond.
Information,2026-06-20 16:38:00,Service Control Manager,7040,None,A user session was started.
Information,2026-06-20 18:11:00,Microsoft-Windows-DistributedCOM,10010,None,A user session was started.
Warning,2026-06-20 19:47:00,Microsoft-Windows-WindowsUpdateClient,20,None,A service took longer than expected to respond.
Warning,2026-06-20 19:58:00,Microsoft-Windows-WindowsUpdateClient,31,None,The application-specific permission settings do not grant Local Activation permission.
Warning,2026-06-20 20:09:00,Microsoft-Windows-WindowsUpdateClient,43,None,A device reported a recoverable condition.
Information,2026-06-20 20:39:00,Microsoft-Windows-Security-Auditing,4624,None,The update operation completed.
Information,2026-06-20 20:43:00,Application Error,1001,None,A user session was started.
Information,2026-06-20 21:01:00,Microsoft-Windows-DistributedCOM,10010,None,The update operation completed.
Information,2026-06-20 21:37:00,Microsoft-Windows-WindowsUpdateClient,19,None,A Windows service changed state.
Information,2026-06-20 21:38:00,Service Control Manager,7001,None,A Windows service changed state.
Information,2026-06-20 21:55:00,Microsoft-Windows-DistributedCOM,10016,None,A Windows service changed state.
Warning,2026-06-20 22:13:00,Microsoft-Windows-DistributedCOM,10010,None,The application-specific permission settings do not grant Local Activation permission.
Information,2026-06-20 23:46:00,Microsoft-Windows-Security-Auditing,4624,None,The update operation completed.
Information,2026-06-21 00:33:00,Microsoft-Windows-Security-Auditing,4624,None,The update operation completed.
Warning,2026-06-21 00:40:00,Microsoft-Windows-DistributedCOM,10016,None,The application-specific permission settings do not grant Local Activation permission.
Warning,2026-06-21 01:21:00,Application Error,1001,None,A service took longer than expected to respond.
Error,2026-06-21 01:36:00,Winlogon,6005,None,A service terminated unexpectedly.
Information,2026-06-21 01:52:00,Microsoft-Windows-DistributedCOM,10010,None,A user session was started.
Information,2026-06-21 02:12:00,Microsoft-Windows-WindowsUpdateClient,31,None,The update operation completed.
Information,2026-06-21 02:43:00,Microsoft-Windows-DistributedCOM,10010,None,The operation completed successfully.
Information,2026-06-21 02:53:00,Service Control Manager,7040,None,A Windows service changed state.
Information,2026-06-21 03:17:00,Microsoft-Windows-Kernel-Power,41,None,The update operation completed.
Information,2026-06-21 05:02:00,Service Control Manager,7040,None,The update operation completed.
Information,2026-06-21 05:24:00,Microsoft-Windows-Security-Auditing,4634,None,The operation completed successfully.
Warning,2026-06-21 05:41:00,Microsoft-Windows-WindowsUpdateClient,43,None,A service took longer than expected to respond.
Warning,2026-06-21 06:00:00,Microsoft-Windows-DistributedCOM,10010,None,The application-specific permission settings do not grant Local Activation permission.
Information,2026-06-21 06:11:00,Microsoft-Windows-Kernel-Power,41,None,The operation completed successfully.
Warning,2026-06-21 06:31:00,Microsoft-Windows-WindowsUpdateClient,43,None,The application-specific permission settings do not grant Local Activation permission.
Warning,2026-06-21 06:36:00,Microsoft-Windows-DistributedCOM,10010,None,A service took longer than expected to respond.
Information,2026-06-21 06:48:00,Microsoft-Windows-WindowsUpdateClient,19,None,The update operation completed.
Information,2026-06-21 07:03:00,Microsoft-Windows-DistributedCOM,10010,None,The update operation completed.
Information,2026-06-21 07:34:00,Microsoft-Windows-DistributedCOM,10016,None,A user session was started.
Information,2026-06-21 07:45:00,Application Error,1000,None,The update operation completed.
Information,2026-06-21 07:52:00,Service Control Manager,7031,None,The operation completed successfully.
Information,2026-06-21 08:23:00,Microsoft-Windows-WindowsUpdateClient,19,None,The operation completed successfully.
Information,2026-06-21 08:36:00,Service Control Manager,7001,None,A Windows service changed state.
Information,2026-06-21 08:59:00,Microsoft-Windows-DistributedCOM,10016,None,A user session was started.
Warning,2026-06-21 09:41:00,Microsoft-Windows-WindowsUpdateClient,43,None,A device reported a recoverable condition.
Information,2026-06-21 10:09:00,Microsoft-Windows-Kernel-Power,109,None,A Windows service changed state.
Information,2026-06-21 10:37:00,Microsoft-Windows-DistributedCOM,10016,None,The operation completed successfully.
Information,2026-06-21 10:41:00,Microsoft-Windows-DistributedCOM,10016,None,The operation completed successfully.
Warning,2026-06-21 11:34:00,Application Error,1001,None,The application-specific permission settings do not grant Local Activation permission.
Error,2026-06-21 11:39:00,Microsoft-Windows-Kernel-Power,41,None,An application stopped responding.
Warning,2026-06-21 13:06:00,Microsoft-Windows-Security-Auditing,4625,None,A service took longer than expected to respond.
Information,2026-06-21 14:00:00,Microsoft-Windows-WindowsUpdateClient,31,None,A user session was started.
Information,2026-06-21 14:06:00,Microsoft-Windows-DriverFrameworks-UserMode,10110,None,The update operation completed.
Information,2026-06-21 14:20:00,Microsoft-Windows-DistributedCOM,10010,None,The update operation completed.
Warning,2026-06-21 14:53:00,Microsoft-Windows-DistributedCOM,10010,None,A service took longer than expected to respond.
Warning,2026-06-21 14:58:00,Microsoft-Windows-WindowsUpdateClient,19,None,A service took longer than expected to respond.
Information,2026-06-21 15:01:00,Microsoft-Windows-WindowsUpdateClient,31,None,The update operation completed.
Information,2026-06-21 15:38:00,Microsoft-Windows-Security-Auditing,4634,None,A user session was started.
Warning,2026-06-21 16:05:00,Microsoft-Windows-DistributedCOM,10016,None,A service took longer than expected to respond.
Information,2026-06-21 16:26:00,Service Control Manager,7040,None,A user session was started.
Warning,2026-06-21 16:28:00,Microsoft-Windows-DistributedCOM,10016,None,A device reported a recoverable condition.
Information,2026-06-21 18:10:00,Microsoft-Windows-Security-Auditing,4624,None,The update operation completed.
Information,2026-06-21 19:00:00,Microsoft-Windows-Security-Auditing,4624,None,A user session was started.
Warning,2026-06-21 20:04:00,Microsoft-Windows-DistributedCOM,10010,None,A service took longer than expected to respond.
Information,2026-06-21 20:52:00,Microsoft-Windows-DistributedCOM,10016,None,The operation completed successfully.
Information,2026-06-21 20:52:00,Microsoft-Windows-DistributedCOM,10016,None,A Windows service changed state.
Warning,2026-06-21 21:19:00,Microsoft-Windows-DistributedCOM,10010,None,A device reported a recoverable condition.
Information,2026-06-21 21:25:00,Microsoft-Windows-DriverFrameworks-UserMode,10110,None,A Windows service changed state.
Warning,2026-06-21 21:44:00,Microsoft-Windows-Security-Auditing,4625,None,A service took longer than expected to respond.
Information,2026-06-21 21:53:00,Service Control Manager,7000,None,A user session was started.
Information,2026-06-21 22:06:00,Microsoft-Windows-DriverFrameworks-UserMode,10111,None,The update operation completed.
Information,2026-06-21 22:12:00,Microsoft-Windows-DistributedCOM,10016,None,The update operation completed.
Information,2026-06-21 22:51:00,Microsoft-Windows-DriverFrameworks-UserMode,10110,None,The operation completed successfully.
Warning,2026-06-21 22:54:00,Service Control Manager,7031,None,The application-specific permission settings do not grant Local Activation permission.
Information,2026-06-21 23:10:00,Service Control Manager,7001,None,A user session was started.
Information,2026-06-21 23:57:00,Microsoft-Windows-DistributedCOM,10016,None,A Windows service changed state.
Information,2026-06-22 00:15:00,Microsoft-Windows-Security-Auditing,4624,None,The operation completed successfully.
Warning,2026-06-22 00:16:00,Application Error,1001,None,A device reported a recoverable condition.
Information,2026-06-22 00:20:00,Microsoft-Windows-DriverFrameworks-UserMode,10111,None,The update operation completed.
Error,2026-06-22 00:51:00,Microsoft-Windows-WindowsUpdateClient,31,None,An application stopped responding.
Information,2026-06-22 01:52:00,Microsoft-Windows-DriverFrameworks-UserMode,10111,None,A Windows service changed state.
Information,2026-06-22 02:04:00,Microsoft-Windows-Security-Auditing,4624,None,A Windows service changed state.
Information,2026-06-22 02:20:00,Application Error,1001,None,A user session was started.
Information,2026-06-22 03:01:00,Microsoft-Windows-DistributedCOM,10010,None,The update operation completed.
Warning,2026-06-22 03:08:00,Microsoft-Windows-DistributedCOM,10010,None,A service took longer than expected to respond.
Information,2026-06-22 03:10:00,Winlogon,6006,None,A Windows service changed state.
Information,2026-06-22 03:19:00,Microsoft-Windows-Security-Auditing,4624,None,A user session was started.
Information,2026-06-22 03:32:00,Microsoft-Windows-DistributedCOM,10010,None,A Windows service changed state.
Information,2026-06-22 03:42:00,Microsoft-Windows-WindowsUpdateClient,31,None,The update operation completed.
Warning,2026-06-22 03:50:00,Microsoft-Windows-WindowsUpdateClient,31,None,A device reported a recoverable condition.
Information,2026-06-22 04:46:00,Microsoft-Windows-Security-Auditing,4624,None,The operation completed successfully.
Warning,2026-06-22 04:48:00,Microsoft-Windows-DistributedCOM,10010,None,The application-specific permission settings do not grant Local Activation permission.
Information,2026-06-22 05:03:00,Microsoft-Windows-DistributedCOM,10016,None,A Windows service changed state.
Warning,2026-06-22 05:16:00,Service Control Manager,7000,None,A service took longer than expected to respond.
Information,2026-06-22 05:19:00,Service Control Manager,7040,None,A user session was started.
Critical,2026-06-22 05:36:00,Service Control Manager,7000,None,A critical system component stopped unexpectedly.
Information,2026-06-22 05:44:00,Microsoft-Windows-WindowsUpdateClient,20,None,A Windows service changed state.
Information,2026-06-22 05:50:00,Microsoft-Windows-DistributedCOM,10010,None,The update operation completed.
Information,2026-06-22 06:33:00,Microsoft-Windows-Security-Auditing,4634,None,A Windows service changed state.
Warning,2026-06-22 07:43:00,Microsoft-Windows-Security-Auditing,4625,None,A service took longer than expected to respond.
Information,2026-06-22 08:13:00,Application Error,1001,None,A user session was started.
Warning,2026-06-22 08:24:00,Microsoft-Windows-DistributedCOM,10016,None,A service took longer than expected to respond.
Error,2026-06-22 09:18:00,Winlogon,6005,None,An application stopped responding.
Information,2026-06-22 11:14:00,Microsoft-Windows-DistributedCOM,10010,None,The operation completed successfully.
Information,2026-06-22 11:14:00,Microsoft-Windows-Security-Auditing,4624,None,A Windows service changed state.
Information,2026-06-22 11:28:00,Service Control Manager,7031,None,The operation completed successfully.
Warning,2026-06-22 12:24:00,Microsoft-Windows-DistributedCOM,10016,None,A device reported a recoverable condition.
Information,2026-06-22 13:27:00,Microsoft-Windows-WindowsUpdateClient,20,None,The operation completed successfully.
Information,2026-06-22 13:30:00,Application Error,1001,None,The operation completed successfully.
Information,2026-06-22 14:14:00,Microsoft-Windows-Security-Auditing,4624,None,The operation completed successfully.
Information,2026-06-22 14:18:00,Microsoft-Windows-DistributedCOM,10010,None,A Windows service changed state.
Information,2026-06-22 14:22:00,Microsoft-Windows-WindowsUpdateClient,43,None,The update operation completed.
Information,2026-06-22 14:26:00,Microsoft-Windows-Security-Auditing,4624,None,The operation completed successfully.
Information,2026-06-22 15:14:00,Microsoft-Windows-Security-Auditing,4624,None,The operation completed successfully.
Warning,2026-06-22 15:30:00,Microsoft-Windows-WindowsUpdateClient,31,None,The application-specific permission settings do not grant Local Activation permission.
Warning,2026-06-22 16:32:00,Service Control Manager,7031,None,The application-specific permission settings do not grant Local Activation permission.
Warning,2026-06-22 17:30:00,Microsoft-Windows-WindowsUpdateClient,43,None,A service took longer than expected to respond.
Warning,2026-06-22 18:25:00,Microsoft-Windows-Security-Auditing,4625,None,A service took longer than expected to respond.
Error,2026-06-22 19:40:00,Microsoft-Windows-DistributedCOM,10010,None,A service terminated unexpectedly.
Information,2026-06-22 19:50:00,Microsoft-Windows-Security-Auditing,4624,None,The update operation completed.
Information,2026-06-22 21:01:00,Microsoft-Windows-DistributedCOM,10016,None,A user session was started.
Warning,2026-06-22 21:09:00,Microsoft-Windows-DistributedCOM,10010,None,A device reported a recoverable condition.
Information,2026-06-22 21:11:00,Microsoft-Windows-DistributedCOM,10010,None,The operation completed successfully.
Information,2026-06-22 21:11:00,Microsoft-Windows-Kernel-Power,41,None,The update operation completed.
Error,2026-06-22 21:12:00,Microsoft-Windows-DistributedCOM,10016,None,An application stopped responding.
Warning,2026-06-23 01:51:00,Microsoft-Windows-DistributedCOM,10010,None,A service took longer than expected to respond.
Warning,2026-06-23 01:52:00,Microsoft-Windows-Kernel-Power,41,None,A device reported a recoverable condition.
Warning,2026-06-23 02:21:00,Application Error,1001,None,The application-specific permission settings do not grant Local Activation permission.
Error,2026-06-23 03:40:00,Service Control Manager,7031,None,A service terminated unexpectedly.
Information,2026-06-23 03:43:00,Microsoft-Windows-Security-Auditing,4624,None,A Windows service changed state.
Information,2026-06-23 05:12:00,Winlogon,6006,None,A Windows service changed state.
Information,2026-06-23 06:03:00,Microsoft-Windows-Kernel-Power,109,None,The update operation completed.
Warning,2026-06-23 07:17:00,Microsoft-Windows-WindowsUpdateClient,20,None,The application-specific permission settings do not grant Local Activation permission.
Information,2026-06-23 07:44:00,Microsoft-Windows-DriverFrameworks-UserMode,10110,None,A user session was started.
Information,2026-06-23 08:19:00,Microsoft-Windows-Security-Auditing,4624,None,The update operation completed.
Information,2026-06-23 09:58:00,Microsoft-Windows-DistributedCOM,10010,None,A user session was started.
Information,2026-06-23 10:00:00,Microsoft-Windows-WindowsUpdateClient,43,None,The operation completed successfully.
Error,2026-06-23 10:33:00,Microsoft-Windows-DistributedCOM,10010,None,An update could not be installed.
Information,2026-06-23 11:42:00,Service Control Manager,7001,None,A user session was started.
Information,2026-06-23 11:57:00,Microsoft-Windows-DistributedCOM,10010,None,The operation completed successfully.
Warning,2026-06-23 12:05:00,Application Error,1000,None,A device reported a recoverable condition.
Warning,2026-06-23 14:53:00,Microsoft-Windows-DriverFrameworks-UserMode,10110,None,A device reported a recoverable condition.
Information,2026-06-23 14:55:00,Microsoft-Windows-DriverFrameworks-UserMode,10110,None,A Windows service changed state.
Warning,2026-06-23 15:19:00,Microsoft-Windows-DistributedCOM,10016,None,A device reported a recoverable condition.
Information,2026-06-23 15:49:00,Microsoft-Windows-DriverFrameworks-UserMode,10111,None,The update operation completed.
Error,2026-06-23 17:00:00,Microsoft-Windows-DistributedCOM,10010,None,A user logon attempt failed.
Information,2026-06-23 17:13:00,Microsoft-Windows-DistributedCOM,10016,None,A user session was started.
Information,2026-06-23 18:02:00,Service Control Manager,7000,None,The update operation completed.
Warning,2026-06-23 19:15:00,Application Error,1000,None,A device reported a recoverable condition.
Information,2026-06-23 20:35:00,Service Control Manager,7040,None,A Windows service changed state.
Information,2026-06-23 21:08:00,Microsoft-Windows-DistributedCOM,10016,None,The operation completed successfully.
Warning,2026-06-23 21:21:00,Microsoft-Windows-Kernel-Power,109,None,A device reported a recoverable condition.
Warning,2026-06-23 22:19:00,Service Control Manager,7000,None,The application-specific permission settings do not grant Local Activation permission.
Information,2026-06-23 23:28:00,Microsoft-Windows-WindowsUpdateClient,19,None,A Windows service changed state.
Information,2026-06-24 00:28:00,Microsoft-Windows-DistributedCOM,10010,None,A user session was started.
Error,2026-06-24 00:36:00,Service Control Manager,7040,None,A user logon attempt failed.
Information,2026-06-24 00:39:00,Microsoft-Windows-Security-Auditing,4634,None,A Windows service changed state.
Information,2026-06-24 01:21:00,Microsoft-Windows-Security-Auditing,4624,None,A user session was started.
Information,2026-06-24 01:23:00,Service Control Manager,7001,None,The update operation completed.
Information,2026-06-24 01:39:00,Microsoft-Windows-DistributedCOM,10010,None,The operation completed successfully.
Information,2026-06-24 01:45:00,Microsoft-Windows-DistributedCOM,10010,None,The update operation completed.
Information,2026-06-24 02:13:00,Microsoft-Windows-Security-Auditing,4634,None,The operation completed successfully.
Information,2026-06-24 02:13:00,Microsoft-Windows-DistributedCOM,10010,None,A Windows service changed state.
Warning,2026-06-24 03:03:00,Application Error,1001,None,The application-specific permission settings do not grant Local Activation permission.
Information,2026-06-24 03:07:00,Microsoft-Windows-DistributedCOM,10010,None,The operation completed successfully.
Information,2026-06-24 03:19:00,Microsoft-Windows-Security-Auditing,4624,None,The operation completed successfully.
Information,2026-06-24 03:21:00,Microsoft-Windows-Security-Auditing,4624,None,A user session was started.
Warning,2026-06-24 04:08:00,Microsoft-Windows-Kernel-Power,109,None,The application-specific permission settings do not grant Local Activation permission.
Error,2026-06-24 05:24:00,Microsoft-Windows-WindowsUpdateClient,20,None,A service terminated unexpectedly.
Information,2026-06-24 06:31:00,Microsoft-Windows-Kernel-Power,109,None,A user session was started.
Information,2026-06-24 06:59:00,Microsoft-Windows-DistributedCOM,10010,None,The update operation completed.
Information,2026-06-24 07:24:00,Microsoft-Windows-WindowsUpdateClient,20,None,The operation completed successfully.
Information,2026-06-24 08:07:00,Microsoft-Windows-WindowsUpdateClient,19,None,A user session was started.
Information,2026-06-24 09:04:00,Service Control Manager,7000,None,A Windows service changed state.
Error,2026-06-24 09:07:00,Microsoft-Windows-DistributedCOM,10010,None,A user logon attempt failed.
Error,2026-06-24 09:46:00,Microsoft-Windows-DistributedCOM,10010,None,An application stopped responding.
Warning,2026-06-24 10:12:00,Microsoft-Windows-WindowsUpdateClient,43,None,A service took longer than expected to respond.
Information,2026-06-24 10:35:00,Microsoft-Windows-Kernel-Power,41,None,The update operation completed.
Warning,2026-06-24 10:38:00,Service Control Manager,7031,None,A device reported a recoverable condition.
Error,2026-06-24 11:36:00,Microsoft-Windows-DistributedCOM,10010,None,A service terminated unexpectedly.
Information,2026-06-24 11:42:00,Microsoft-Windows-Security-Auditing,4624,None,A user session was started.
Warning,2026-06-24 11:55:00,Application Error,1000,None,A service took longer than expected to respond.
Information,2026-06-24 13:18:00,Microsoft-Windows-Security-Auditing,4634,None,The operation completed successfully.
Information,2026-06-24 13:57:00,Microsoft-Windows-WindowsUpdateClient,19,None,The operation completed successfully.
Information,2026-06-24 14:06:00,Microsoft-Windows-Security-Auditing,4624,None,A Windows service changed state.
Information,2026-06-24 14:43:00,Microsoft-Windows-Security-Auditing,4624,None,A Windows service changed state.
Information,2026-06-24 15:41:00,Microsoft-Windows-DistributedCOM,10016,None,A Windows service changed state.
Information,2026-06-24 15:48:00,Microsoft-Windows-DistributedCOM,10010,None,A Windows service changed state.
Information,2026-06-24 17:33:00,Microsoft-Windows-WindowsUpdateClient,20,None,A Windows service changed state.
Information,2026-06-24 17:41:00,Service Control Manager,7000,None,The operation completed successfully.
Warning,2026-06-24 18:15:00,Microsoft-Windows-DistributedCOM,10016,None,The application-specific permission settings do not grant Local Activation permission.
Information,2026-06-24 18:37:00,Microsoft-Windows-WindowsUpdateClient,43,None,The update operation completed.
Information,2026-06-24 18:53:00,Microsoft-Windows-DistributedCOM,10016,None,The operation completed successfully.
Warning,2026-06-24 19:14:00,Application Error,1000,None,The application-specific permission settings do not grant Local Activation permission.
Error,2026-06-24 19:43:00,Microsoft-Windows-DistributedCOM,10010,None,A user logon attempt failed.
Information,2026-06-24 20:24:00,Service Control Manager,7001,None,The operation completed successfully.
Warning,2026-06-24 21:36:00,Service Control Manager,7001,None,A service took longer than expected to respond.
Warning,2026-06-24 22:09:00,Application Error,1001,None,The application-specific permission settings do not grant Local Activation permission.
Information,2026-06-24 22:32:00,Microsoft-Windows-DistributedCOM,10016,None,The operation completed successfully.
Information,2026-06-24 22:46:00,Microsoft-Windows-Security-Auditing,4634,None,The operation completed successfully.
Warning,2026-06-24 23:03:00,Microsoft-Windows-DistributedCOM,10010,None,A device reported a recoverable condition.
Information,2026-06-24 23:07:00,Microsoft-Windows-WindowsUpdateClient,31,None,The operation completed successfully.
Warning,2026-06-24 23:44:00,Microsoft-Windows-Security-Auditing,4625,None,A service took longer than expected to respond.
Information,2026-06-25 00:58:00,Microsoft-Windows-Security-Auditing,4624,None,The update operation completed.
Information,2026-06-25 01:09:00,Winlogon,6006,None,A Windows service changed state.
Information,2026-06-25 02:04:00,Microsoft-Windows-DistributedCOM,10010,None,The update operation completed.
Information,2026-06-25 02:23:00,Microsoft-Windows-WindowsUpdateClient,20,None,The update operation completed.
Information,2026-06-25 02:49:00,Application Error,1000,None,The update operation completed.
Information,2026-06-25 02:58:00,Microsoft-Windows-DistributedCOM,10010,None,The operation completed successfully.
Warning,2026-06-25 03:01:00,Microsoft-Windows-Kernel-Power,41,None,The application-specific permission settings do not grant Local Activation permission.
Warning,2026-06-25 03:02:00,Microsoft-Windows-DistributedCOM,10016,None,A service took longer than expected to respond.
Information,2026-06-25 03:45:00,Microsoft-Windows-Security-Auditing,4624,None,A user session was started.
Information,2026-06-25 04:02:00,Winlogon,6005,None,A user session was started.
Information,2026-06-25 04:21:00,Microsoft-Windows-Kernel-Power,41,None,A user session was started.
Information,2026-06-25 04:22:00,Microsoft-Windows-DistributedCOM,10010,None,A Windows service changed state.
Information,2026-06-25 04:45:00,Microsoft-Windows-WindowsUpdateClient,31,None,The update operation completed.
Warning,2026-06-25 04:47:00,Microsoft-Windows-Kernel-Power,109,None,A device reported a recoverable condition.
Information,2026-06-25 05:17:00,Microsoft-Windows-Kernel-Power,41,None,A user session was started.
Information,2026-06-25 05:30:00,Microsoft-Windows-DistributedCOM,10016,None,The operation completed successfully.
Information,2026-06-25 05:33:00,Service Control Manager,7040,None,A user session was started.
Information,2026-06-25 06:43:00,Microsoft-Windows-DriverFrameworks-UserMode,10110,None,A Windows service changed state.
Warning,2026-06-25 08:11:00,Service Control Manager,7040,None,The application-specific permission settings do not grant Local Activation permission.
Information,2026-06-25 09:12:00,Microsoft-Windows-WindowsUpdateClient,31,None,The operation completed successfully.
Critical,2026-06-25 09:20:00,Microsoft-Windows-DistributedCOM,10016,None,The system rebooted without cleanly shutting down first.
Warning,2026-06-25 09:42:00,Service Control Manager,7000,None,A service took longer than expected to respond.
Information,2026-06-25 10:04:00,Microsoft-Windows-Kernel-Power,109,None,A Windows service changed state.
Error,2026-06-25 10:43:00,Microsoft-Windows-DistributedCOM,10010,None,An update could not be installed.
Information,2026-06-25 11:19:00,Microsoft-Windows-Security-Auditing,4624,None,The operation completed successfully.
Warning,2026-06-25 11:30:00,Service Control Manager,7031,None,A service took longer than expected to respond.
Information,2026-06-25 11:41:00,Microsoft-Windows-Security-Auditing,4624,None,The operation completed successfully.
Information,2026-06-25 11:57:00,Microsoft-Windows-DistributedCOM,10010,None,A Windows service changed state.
Information,2026-06-25 11:58:00,Microsoft-Windows-WindowsUpdateClient,43,None,The update operation completed.
Information,2026-06-25 12:45:00,Microsoft-Windows-Security-Auditing,4634,None,The update operation completed.
Information,2026-06-25 12:56:00,Microsoft-Windows-Security-Auditing,4624,None,The operation completed successfully.
Error,2026-06-25 13:19:00,Microsoft-Windows-DistributedCOM,10016,None,An update could not be installed.
Critical,2026-06-25 13:29:00,Microsoft-Windows-DistributedCOM,10016,None,A critical system component stopped unexpectedly.
Information,2026-06-25 13:48:00,Service Control Manager,7000,None,A Windows service changed state.
Critical,2026-06-25 14:00:00,Microsoft-Windows-Kernel-Power,41,None,The system rebooted without cleanly shutting down first.
Information,2026-06-25 14:30:00,Microsoft-Windows-DistributedCOM,10010,None,The operation completed successfully.
Information,2026-06-25 14:58:00,Microsoft-Windows-DriverFrameworks-UserMode,10111,None,The update operation completed.
Information,2026-06-25 15:39:00,Winlogon,6006,None,The update operation completed.
Error,2026-06-25 15:56:00,Microsoft-Windows-WindowsUpdateClient,43,None,A user logon attempt failed.
Error,2026-06-25 16:29:00,Microsoft-Windows-WindowsUpdateClient,31,None,A service terminated unexpectedly.
Information,2026-06-25 16:49:00,Service Control Manager,7001,None,A Windows service changed state.
Warning,2026-06-25 17:20:00,Service Control Manager,7040,None,A service took longer than expected to respond.
Information,2026-06-25 18:17:00,Microsoft-Windows-DistributedCOM,10010,None,A user session was started.
Information,2026-06-25 18:50:00,Microsoft-Windows-DistributedCOM,10010,None,The operation completed successfully.
Information,2026-06-25 19:12:00,Microsoft-Windows-WindowsUpdateClient,43,None,A user session was started.
Error,2026-06-25 20:03:00,Microsoft-Windows-WindowsUpdateClient,19,None,An application stopped responding.
Warning,2026-06-25 20:05:00,Microsoft-Windows-DistributedCOM,10010,None,The application-specific permission settings do not grant Local Activation permission.
Information,2026-06-25 20:09:00,Microsoft-Windows-DistributedCOM,10010,None,The update operation completed.
Error,2026-06-25 21:18:00,Microsoft-Windows-DistributedCOM,10016,None,An update could not be installed.
Warning,2026-06-25 21:33:00,Microsoft-Windows-DistributedCOM,10010,None,A service took longer than expected to respond.
Information,2026-06-25 21:38:00,Microsoft-Windows-DistributedCOM,10010,None,The operation completed successfully.
Information,2026-06-25 21:52:00,Application Error,1000,None,A Windows service changed state.
Information,2026-06-25 22:10:00,Microsoft-Windows-Security-Auditing,4624,None,A Windows service changed state.
Information,2026-06-25 22:29:00,Microsoft-Windows-DistributedCOM,10016,None,The operation completed successfully.
Information,2026-06-25 23:13:00,Microsoft-Windows-WindowsUpdateClient,43,None,The operation completed successfully.
Error,2026-06-25 23:20:00,Microsoft-Windows-WindowsUpdateClient,31,None,An application stopped responding.
Warning,2026-06-25 23:20:00,Microsoft-Windows-DistributedCOM,10016,None,A service took longer than expected to respond.
Information,2026-06-25 23:41:00,Microsoft-Windows-WindowsUpdateClient,19,None,The operation completed successfully.
Information,2026-06-26 00:42:00,Microsoft-Windows-DistributedCOM,10016,None,A user session was started.
Information,2026-06-26 00:46:00,Microsoft-Windows-DriverFrameworks-UserMode,10111,None,The update operation completed.
Information,2026-06-26 00:54:00,Microsoft-Windows-DistributedCOM,10016,None,A Windows service changed state.
Information,2026-06-26 01:58:00,Service Control Manager,7031,None,A user session was started.
Information,2026-06-26 02:06:00,Microsoft-Windows-DistributedCOM,10010,None,The update operation completed.
Information,2026-06-26 02:43:00,Service Control Manager,7031,None,The operation completed successfully.
Information,2026-06-26 02:48:00,Microsoft-Windows-Security-Auditing,4624,None,A Windows service changed state.
Information,2026-06-26 02:54:00,Microsoft-Windows-Security-Auditing,4624,None,A user session was started.
Warning,2026-06-26 03:40:00,Microsoft-Windows-DistributedCOM,10016,None,A device reported a recoverable condition.
Information,2026-06-26 04:03:00,Microsoft-Windows-Security-Auditing,4624,None,A user session was started.
Warning,2026-06-26 04:57:00,Application Error,1001,None,A service took longer than expected to respond.
Information,2026-06-26 05:01:00,Microsoft-Windows-DistributedCOM,10016,None,The operation completed successfully.
Information,2026-06-26 05:51:00,Microsoft-Windows-DistributedCOM,10010,None,A Windows service changed state.
Error,2026-06-26 06:36:00,Microsoft-Windows-DistributedCOM,10016,None,A user logon attempt failed.
Warning,2026-06-26 06:38:00,Microsoft-Windows-DistributedCOM,10010,None,A device reported a recoverable condition.
Warning,2026-06-26 07:19:00,Microsoft-Windows-DistributedCOM,10010,None,The application-specific permission settings do not grant Local Activation permission.
Information,2026-06-26 07:20:00,Microsoft-Windows-WindowsUpdateClient,31,None,The operation completed successfully.
Error,2026-06-26 07:44:00,Winlogon,6005,None,An update could not be installed.
Information,2026-06-26 07:47:00,Service Control Manager,7040,None,The operation completed successfully.
Information,2026-06-26 10:04:00,Microsoft-Windows-Kernel-Power,41,None,The update operation completed.
Information,2026-06-26 10:54:00,Microsoft-Windows-DistributedCOM,10016,None,The operation completed successfully.
Warning,2026-06-26 11:17:00,Microsoft-Windows-DistributedCOM,10016,None,A service took longer than expected to respond.
Information,2026-06-26 11:21:00,Service Control Manager,7000,None,A user session was started.
Information,2026-06-26 11:23:00,Application Error,1000,None,A Windows service changed state.
Error,2026-06-26 11:53:00,Service Control Manager,7000,None,An update could not be installed.
Information,2026-06-26 11:54:00,Winlogon,6005,None,The operation completed successfully.
Warning,2026-06-26 12:44:00,Microsoft-Windows-Kernel-Power,109,None,A device reported a recoverable condition.
Information,2026-06-26 13:27:00,Microsoft-Windows-Security-Auditing,4634,None,The operation completed successfully.
Information,2026-06-26 13:42:00,Microsoft-Windows-DistributedCOM,10010,None,A user session was started.
Warning,2026-06-26 13:47:00,Microsoft-Windows-DistributedCOM,10010,None,A device reported a recoverable condition.
Information,2026-06-26 13:59:00,Service Control Manager,7000,None,The update operation completed.
Warning,2026-06-26 15:52:00,Service Control Manager,7000,None,A device reported a recoverable condition.
Error,2026-06-26 15:54:00,Microsoft-Windows-DistributedCOM,10016,None,An update could not be installed.
Warning,2026-06-26 16:13:00,Winlogon,6006,None,A device reported a recoverable condition.
Information,2026-06-26 17:31:00,Microsoft-Windows-DistributedCOM,10016,None,The operation completed successfully.
Information,2026-06-26 18:26:00,Microsoft-Windows-DistributedCOM,10010,None,A Windows service changed state.
Information,2026-06-26 18:53:00,Microsoft-Windows-Security-Auditing,4634,None,The update operation completed.
Information,2026-06-26 19:48:00,Microsoft-Windows-DistributedCOM,10010,None,A Windows service changed state.
Information,2026-06-26 20:12:00,Service Control Manager,7001,None,The update operation completed.
Information,2026-06-26 20:40:00,Microsoft-Windows-Security-Auditing,4624,None,The operation completed successfully.
Information,2026-06-26 21:10:00,Microsoft-Windows-Security-Auditing,4624,None,A Windows service changed state.
Information,2026-06-26 21:31:00,Microsoft-Windows-DistributedCOM,10010,None,A Windows service changed state.
Warning,2026-06-26 21:35:00,Winlogon,6005,None,A service took longer than expected to respond.
Information,2026-06-26 22:14:00,Microsoft-Windows-DistributedCOM,10016,None,A Windows service changed state.
Warning,2026-06-26 22:43:00,Microsoft-Windows-DistributedCOM,10010,None,A service took longer than expected to respond.
Warning,2026-06-26 23:30:00,Microsoft-Windows-DistributedCOM,10010,None,A service took longer than expected to respond.
Information,2026-06-26 23:38:00,Microsoft-Windows-Kernel-Power,109,None,A Windows service changed state.
Warning,2026-06-26 23:47:00,Microsoft-Windows-DistributedCOM,10016,None,A service took longer than expected to respond.
Warning,2026-06-27 00:32:00,Service Control Manager,7031,None,A service took longer than expected to respond.
Information,2026-06-27 01:06:00,Microsoft-Windows-Security-Auditing,4634,None,The operation completed successfully.
Error,2026-06-27 01:36:00,Service Control Manager,7000,None,A service terminated unexpectedly.
Information,2026-06-27 01:51:00,Application Error,1001,None,A Windows service changed state.
Information,2026-06-27 02:24:00,Microsoft-Windows-DistributedCOM,10010,None,A Windows service changed state.
Information,2026-06-27 02:48:00,Microsoft-Windows-DistributedCOM,10016,None,The update operation completed.
Information,2026-06-27 03:41:00,Microsoft-Windows-DistributedCOM,10016,None,A Windows service changed state.
Warning,2026-06-27 03:48:00,Microsoft-Windows-DistributedCOM,10016,None,The application-specific permission settings do not grant Local Activation permission.
Information,2026-06-27 04:22:00,Winlogon,6005,None,A Windows service changed state.
Warning,2026-06-27 04:50:00,Microsoft-Windows-DistributedCOM,10016,None,A service took longer than expected to respond.
Information,2026-06-27 05:23:00,Microsoft-Windows-WindowsUpdateClient,43,None,The operation completed successfully.
Warning,2026-06-27 06:43:00,Service Control Manager,7001,None,A device reported a recoverable condition.
Error,2026-06-27 06:48:00,Microsoft-Windows-DistributedCOM,10016,None,An application stopped responding.
Information,2026-06-27 07:17:00,Service Control Manager,7031,None,A Windows service changed state.
Information,2026-06-27 07:45:00,Microsoft-Windows-WindowsUpdateClient,20,None,A user session was started.
Information,2026-06-27 08:42:00,Service Control Manager,7001,None,The update operation completed.
Warning,2026-06-27 08:50:00,Service Control Manager,7001,None,A device reported a recoverable condition.
Information,2026-06-27 09:02:00,Microsoft-Windows-WindowsUpdateClient,19,None,A user session was started.
Information,2026-06-27 09:03:00,Microsoft-Windows-Kernel-Power,109,None,A user session was started.
Error,2026-06-27 09:04:00,Application Error,1000,None,An application stopped responding.
Warning,2026-06-27 09:08:00,Microsoft-Windows-WindowsUpdateClient,19,None,The application-specific permission settings do not grant Local Activation permission.
Warning,2026-06-27 09:39:00,Microsoft-Windows-DistributedCOM,10016,None,The application-specific permission settings do not grant Local Activation permission.
Information,2026-06-27 10:18:00,Microsoft-Windows-Security-Auditing,4624,None,The update operation completed.
Information,2026-06-27 10:23:00,Microsoft-Windows-DistributedCOM,10010,None,A Windows service changed state.
Information,2026-06-27 10:32:00,Service Control Manager,7000,None,A Windows service changed state.
Information,2026-06-27 12:16:00,Microsoft-Windows-DistributedCOM,10010,None,The operation completed successfully.
Information,2026-06-27 12:25:00,Microsoft-Windows-Kernel-Power,109,None,The update operation completed.
Information,2026-06-27 12:55:00,Service Control Manager,7040,None,A Windows service changed state.
Information,2026-06-27 13:16:00,Service Control Manager,7000,None,A user session was started.
Information,2026-06-27 13:59:00,Microsoft-Windows-DistributedCOM,10016,None,A user session was started.
Information,2026-06-27 14:00:00,Microsoft-Windows-DistributedCOM,10016,None,A user session was started.
Information,2026-06-27 14:00:00,Service Control Manager,7000,None,The operation completed successfully.
Warning,2026-06-27 14:29:00,Service Control Manager,7031,None,A device reported a recoverable condition.
Information,2026-06-27 14:51:00,Winlogon,6006,None,The operation completed successfully.
Information,2026-06-27 14:54:00,Application Error,1001,None,The update operation completed.
Information,2026-06-27 16:34:00,Microsoft-Windows-WindowsUpdateClient,20,None,A Windows service changed state.
Warning,2026-06-27 17:28:00,Service Control Manager,7000,None,The application-specific permission settings do not grant Local Activation permission.
Information,2026-06-27 17:35:00,Service Control Manager,7040,None,A user session was started.
Information,2026-06-27 18:01:00,Microsoft-Windows-DistributedCOM,10016,None,A user session was started.
Warning,2026-06-27 18:36:00,Winlogon,6006,None,A service took longer than expected to respond.
Warning,2026-06-27 18:42:00,Microsoft-Windows-DistributedCOM,10010,None,A device reported a recoverable condition.
Information,2026-06-27 18:42:00,Microsoft-Windows-Kernel-Power,41,None,The operation completed successfully.
Information,2026-06-27 18:48:00,Microsoft-Windows-Kernel-Power,41,None,A user session was started.
Error,2026-06-27 19:29:00,Service Control Manager,7040,None,An update could not be installed.
Information,2026-06-27 20:16:00,Microsoft-Windows-DistributedCOM,10016,None,A user session was started.
Information,2026-06-27 20:57:00,Microsoft-Windows-Security-Auditing,4624,None,A user session was started.
Warning,2026-06-27 21:14:00,Microsoft-Windows-DistributedCOM,10010,None,A device reported a recoverable condition.
Error,2026-06-27 21:20:00,Application Error,1001,None,An application stopped responding.
Information,2026-06-27 22:45:00,Microsoft-Windows-DistributedCOM,10016,None,The update operation completed.
Warning,2026-06-27 23:12:00,Service Control Manager,7031,None,The application-specific permission settings do not grant Local Activation permission.
Warning,2026-06-27 23:21:00,Service Control Manager,7001,None,A device reported a recoverable condition.
Warning,2026-06-27 23:23:00,Service Control Manager,7040,None,A device reported a recoverable condition.
Error,2026-06-28 00:21:00,Winlogon,6006,None,An update could not be installed.
Information,2026-06-28 00:22:00,Winlogon,6005,None,A user session was started.
Warning,2026-06-28 02:28:00,Microsoft-Windows-DistributedCOM,10016,None,A device reported a recoverable condition.
Information,2026-06-28 02:50:00,Winlogon,6005,None,A Windows service changed state.
Information,2026-06-28 04:19:00,Microsoft-Windows-DistributedCOM,10010,None,The update operation completed.
Warning,2026-06-28 04:32:00,Microsoft-Windows-DistributedCOM,10010,None,A service took longer than expected to respond.
Information,2026-06-28 04:35:00,Microsoft-Windows-DistributedCOM,10016,None,The operation completed successfully.
Information,2026-06-28 05:03:00,Microsoft-Windows-DistributedCOM,10016,None,The operation completed successfully.
Information,2026-06-28 05:28:00,Microsoft-Windows-Security-Auditing,4624,None,The update operation completed.
Information,2026-06-28 05:48:00,Microsoft-Windows-WindowsUpdateClient,43,None,A user session was started.
Information,2026-06-28 05:50:00,Microsoft-Windows-DistributedCOM,10010,None,A user session was started.
Information,2026-06-28 06:20:00,Winlogon,6006,None,A user session was started.
Information,2026-06-28 06:29:00,Application Error,1001,None,A user session was started.
Information,2026-06-28 07:37:00,Service Control Manager,7001,None,A user session was started.
Warning,2026-06-28 08:21:00,Microsoft-Windows-DistributedCOM,10016,None,A service took longer than expected to respond.
Information,2026-06-28 08:47:00,Microsoft-Windows-DistributedCOM,10010,None,A user session was started.
Information,2026-06-28 09:17:00,Application Error,1000,None,The operation completed successfully.
Error,2026-06-28 09:34:00,Service Control Manager,7000,None,A service terminated unexpectedly.
Warning,2026-06-28 09:42:00,Microsoft-Windows-WindowsUpdateClient,31,None,A service took longer than expected to respond.
Information,2026-06-28 11:00:00,Microsoft-Windows-Security-Auditing,4634,None,A user session was started.
Warning,2026-06-28 13:06:00,Microsoft-Windows-DistributedCOM,10016,None,The application-specific permission settings do not grant Local Activation permission.
Information,2026-06-28 13:07:00,Service Control Manager,7001,None,A Windows service changed state.
Information,2026-06-28 13:12:00,Microsoft-Windows-DistributedCOM,10010,None,The update operation completed.
Information,2026-06-28 13:23:00,Microsoft-Windows-DistributedCOM,10010,None,A user session was started.
Information,2026-06-28 13:44:00,Microsoft-Windows-DistributedCOM,10010,None,The operation completed successfully.
Information,2026-06-28 13:50:00,Microsoft-Windows-DistributedCOM,10016,None,A user session was started.
Information,2026-06-28 14:01:00,Microsoft-Windows-DistributedCOM,10016,None,A Windows service changed state.
Information,2026-06-28 14:04:00,Microsoft-Windows-Security-Auditing,4624,None,A Windows service changed state.
Information,2026-06-28 14:19:00,Microsoft-Windows-WindowsUpdateClient,20,None,The operation completed successfully.
Information,2026-06-28 14:41:00,Microsoft-Windows-Kernel-Power,109,None,A Windows service changed state.
Warning,2026-06-28 15:38:00,Service Control Manager,7000,None,A service took longer than expected to respond.
Information,2026-06-28 15:47:00,Winlogon,6006,None,A user session was started.
Information,2026-06-28 15:48:00,Microsoft-Windows-Kernel-Power,41,None,The update operation completed.
Information,2026-06-28 15:55:00,Service Control Manager,7000,None,A user session was started.
Information,2026-06-28 16:52:00,Microsoft-Windows-Security-Auditing,4624,None,A Windows service changed state.
Information,2026-06-28 17:30:00,Winlogon,6006,None,The operation completed successfully.
Error,2026-06-28 19:43:00,Winlogon,6006,None,A service terminated unexpectedly.
Information,2026-06-28 19:55:00,Service Control Manager,7001,None,The operation completed successfully.
Error,2026-06-28 19:58:00,Service Control Manager,7040,None,An application stopped responding.
Information,2026-06-28 20:47:00,Microsoft-Windows-DistributedCOM,10010,None,A Windows service changed state.
Information,2026-06-28 20:47:00,Microsoft-Windows-WindowsUpdateClient,43,None,The update operation completed.
Information,2026-06-28 21:52:00,Microsoft-Windows-WindowsUpdateClient,31,None,The update operation completed.
Information,2026-06-28 22:27:00,Microsoft-Windows-Security-Auditing,4624,None,The operation completed successfully.
Information,2026-06-29 00:38:00,Microsoft-Windows-DistributedCOM,10016,None,A Windows service changed state.
Information,2026-06-29 00:58:00,Microsoft-Windows-DistributedCOM,10010,None,A user session was started.
Information,2026-06-29 01:16:00,Microsoft-Windows-DistributedCOM,10010,None,The operation completed successfully.
Information,2026-06-29 02:16:00,Microsoft-Windows-WindowsUpdateClient,31,None,The operation completed successfully.
Warning,2026-06-29 03:06:00,Microsoft-Windows-DriverFrameworks-UserMode,10111,None,A service took longer than expected to respond.
Information,2026-06-29 03:24:00,Microsoft-Windows-WindowsUpdateClient,31,None,A user session was started.
Warning,2026-06-29 03:57:00,Application Error,1000,None,A device reported a recoverable condition.
Information,2026-06-29 04:11:00,Microsoft-Windows-WindowsUpdateClient,31,None,A Windows service changed state.
Information,2026-06-29 04:14:00,Microsoft-Windows-WindowsUpdateClient,43,None,The update operation completed.
Error,2026-06-29 04:24:00,Microsoft-Windows-DriverFrameworks-UserMode,10110,None,A user logon attempt failed.
Warning,2026-06-29 04:28:00,Service Control Manager,7031,None,A service took longer than expected to respond.
Information,2026-06-29 04:31:00,Service Control Manager,7000,None,The update operation completed.
Critical,2026-06-29 05:07:00,Application Error,1000,None,A critical system component stopped unexpectedly.
Error,2026-06-29 06:23:00,Winlogon,6006,None,A user logon attempt failed.
Warning,2026-06-29 07:26:00,Application Error,1001,None,A service took longer than expected to respond.
Information,2026-06-29 09:28:00,Microsoft-Windows-DistributedCOM,10010,None,A Windows service changed state.
Information,2026-06-29 09:44:00,Service Control Manager,7031,None,The operation completed successfully.
Information,2026-06-29 10:29:00,Service Control Manager,7000,None,The update operation completed.
Information,2026-06-29 10:34:00,Microsoft-Windows-Kernel-Power,41,None,A Windows service changed state.
Information,2026-06-29 10:50:00,Service Control Manager,7001,None,A Windows service changed state.
Information,2026-06-29 12:22:00,Microsoft-Windows-DriverFrameworks-UserMode,10111,None,The update operation completed.
Information,2026-06-29 12:55:00,Microsoft-Windows-WindowsUpdateClient,31,None,The operation completed successfully.
Warning,2026-06-29 13:18:00,Application Error,1001,None,A device reported a recoverable condition.
Error,2026-06-29 13:55:00,Microsoft-Windows-Kernel-Power,109,None,A service terminated unexpectedly.
Warning,2026-06-29 14:16:00,Microsoft-Windows-Security-Auditing,4625,None,A service took longer than expected to respond.
Information,2026-06-29 14:56:00,Microsoft-Windows-Security-Auditing,4624,None,A Windows service changed state.
Information,2026-06-29 15:17:00,Microsoft-Windows-DistributedCOM,10010,None,A user session was started.
Information,2026-06-29 15:23:00,Microsoft-Windows-Security-Auditing,4624,None,The operation completed successfully.
Information,2026-06-29 16:03:00,Microsoft-Windows-Security-Auditing,4624,None,A Windows service changed state.
Information,2026-06-29 17:13:00,Microsoft-Windows-Security-Auditing,4634,None,The update operation completed.
Warning,2026-06-29 18:28:00,Microsoft-Windows-DistributedCOM,10010,None,The application-specific permission settings do not grant Local Activation permission.
Error,2026-06-29 19:42:00,Microsoft-Windows-WindowsUpdateClient,20,None,An update could not be installed.
Information,2026-06-29 20:15:00,Microsoft-Windows-DistributedCOM,10010,None,A Windows service changed state.
Information,2026-06-29 20:18:00,Microsoft-Windows-Kernel-Power,109,None,The operation completed successfully.
Information,2026-06-29 20:45:00,Microsoft-Windows-DistributedCOM,10010,None,A Windows service changed state.
Information,2026-06-29 21:17:00,Microsoft-Windows-Security-Auditing,4624,None,A user session was started.
Information,2026-06-29 22:59:00,Microsoft-Windows-Security-Auditing,4634,None,The update operation completed.
